country,year,dva_value,fnl_value,exgr_value,dva_share,dva_ratio,dva_growth,dva_lag,dva_share_growth,dva_share_lag
CHN,2000,140440.664,102185.052,172212.299,0.8155089085710423,1.3743758137931954,,,,
CHN,2001,150627.498,114459.242,185693.056,0.8111638703388024,1.315992447337717,7.253478949658065,140440.664,-0.4345038232239862,0.8155089085710423
CHN,2002,180297.309,138025.993,223118.69,0.8080780189234708,1.306256199149388,19.697473166552903,150627.498,-0.3085851415331686,0.8111638703388024
CHN,2003,228295.885,177528.817,298514.92,0.7647721092131677,1.2859652244514197,26.621903713493577,180297.309,-4.330590971030301,0.8080780189234708
CHN,2004,297046.123,233664.307,401385.847,0.7400513127708761,1.2712515951355807,30.114532287780825,228295.885,-2.4720796442291637,0.7647721092131677
CHN,2005,381749.075,293455.271,503045.881,0.7588752625130828,1.3008765311971513,28.51508417095212,297046.123,1.8823949742206691,0.7400513127708761
CHN,2006,454669.618,341050.256,605570.592,0.7508119185549883,1.3331455115518225,19.10169474542931,381749.075,-0.8063343958094493,0.7588752625130828
CHN,2007,575484.465,412065.122,747936.921,0.7694291441457,1.3965862051290039,26.572007940939635,454669.618,1.8617225590711661,0.7508119185549883
CHN,2008,680415.126,468023.766,875354.206,0.7773026294226775,1.4538046471768273,18.23344805667344,575484.465,0.787348527697751,0.7694291441457
CHN,2009,564972.199,394452.524,693031.804,0.815218285422295,1.43229454655486,-16.96654330403584,680415.126,3.791565599961755,0.7773026294226775
CHN,2010,715967.293,492774.265,889202.002,0.8051795783068874,1.4529315831864718,26.72611046477349,564972.199,-1.0038707115407663,0.815218285422295
CHN,2011,859621.582,590985.899,1079883.402,0.7960318497422373,1.4545551483623471,20.064364727901072,715967.293,-0.9147728564650071,0.8051795783068874
CHN,2012,899326.819,621775.193,1109627.259,0.8104765016411696,1.446385814559186,4.618920444926666,859621.582,1.4444651898932293,0.7960318497422373
CHN,2013,963285.248,674341.283,1188856.152,0.8102622393630008,1.428483280327359,7.111811596046702,899326.819,-0.02142622781687864,0.8104765016411696
CHN,2014,1079112.988,737037.941,1313697.919,0.821431603409581,1.464121353828649,12.024241027305749,963285.248,1.11693640465802,0.8102622393630008
CHN,2015,1093987.383,731367.317,1304473.807,0.8386426596912113,1.4958111438277462,1.378390878935476,1079112.988,1.7211056281630333,0.821431603409581
CHN,2016,1010684.152,676028.018,1210134.735,0.8351831599974692,1.4950329351586134,-7.614642754979551,1093987.383,-0.3459499693742152,0.8386426596912113
CHN,2017,1094248.385,728099.639,1316505.373,0.8311765431738957,1.50288274624457,8.268085814409808,1010684.152,-0.40066168235735056,0.8351831599974692
CHN,2018,1199069.827,788628.617,1449159.619,0.8274242611227495,1.5204492978727402,9.579309728659101,1094248.385,-0.3752282051146194,0.8311765431738957
CHN,2019,1188327.497,764645.654,1426037.188,0.8333075090886058,1.5540891271448984,-0.8958886094963092,1199069.827,0.5883247965856375,0.8274242611227495
CHN,2020,1246516.329,782044.414,1481375.754,0.8414585736496399,1.5939201235698615,4.896699954086814,1188327.497,0.8151064561034094,0.8333075090886058
CHN,2021,1593281.384,995385.83,1920282.631,0.8297119175474124,1.600667134270939,27.818733451986756,1246516.329,-1.1746656102227582,0.8414585736496399
CHN,2022,1711083.698,1066750.132,2053823.193,0.8331212267111642,1.6040154546706915,7.393691734742558,1593281.384,0.3409309163751817,0.8297119175474124
IDN,2000,36410.315,18340.637,44411.303,0.8198434303987884,1.9852263037537903,,,,
IDN,2001,35182.81,17625.849,42709.652,0.8237671896741279,1.9960916492589946,-3.3713111243338756,36410.315,0.39237592753395,0.8198434303987884
IDN,2002,36167.605,17270.985,42942.679,0.8422298245528651,2.094125204787104,2.799080005263943,35182.81,1.8462634878737227,0.8237671896741279
IDN,2003,41805.483,19098.592,48283.495,0.8658338216817154,2.1889301054234784,15.588198333840463,36167.605,2.3603997128850307,0.8422298245528651
IDN,2004,45698.674,19772.313,54412.927,0.8398495820671437,2.3112457303300835,9.31263250803729,41805.483,-2.5984239614571747,0.8658338216817154
IDN,2005,52085.699,21715.359,62676.189,0.831028494728676,2.3985649511942215,13.97639021210988,45698.674,-0.8821087338467648,0.8398495820671437
IDN,2006,62164.103,23771.959,72628.248,0.8559218308556747,2.615018097582955,19.349656803108275,52085.699,2.4893336126998733,0.831028494728676
IDN,2007,67067.345,26711.593,78631.567,0.8529315586448888,2.510795406324138,7.887577819630076,62164.103,-0.29902722107859603,0.8559218308556747
IDN,2008,78940.754,29970.347,93311.239,0.845994060801186,2.6339619624691033,17.703711098150677,67067.345,-0.6937497843702789,0.8529315586448888
IDN,2009,65994.674,25080.442,75015.215,0.879750514612269,2.6313202135751834,-16.39974201411859,78940.754,3.3756453811083054,0.845994060801186
IDN,2010,86472.956,31464.384,98592.862,0.8770711616019424,2.748280595609309,31.030204043435393,65994.674,-0.2679353010326624,0.879750514612269
IDN,2011,106236.859,37871.634,121099.004,0.8772727726150414,2.805182871169488,22.85558851486469,86472.956,0.02016110130990123,0.8770711616019424
IDN,2012,96674.505,35532.489,110902.93,0.8717037953821419,2.7207355217924643,-9.000975828925807,106236.859,-0.5568977232899508,0.8772727726150414
IDN,2013,90267.945,36061.905,104146.075,0.8667436098768005,2.5031385613156045,-6.626938508761948,96674.505,-0.49601855053413857,0.8717037953821419
IDN,2014,87772.264,36687.491,101901.342,0.8613455159403101,2.3924302700340014,-2.7647477739744852,90267.945,-0.5398093936490489,0.8667436098768005
IDN,2015,70296.759,33614.599,81386.008,0.8637450186769206,2.0912568077935423,-19.910053818367945,87772.264,0.23995027366104926,0.8613455159403101
IDN,2016,68489.144,34636.198,77921.748,0.8789477361313813,1.9773863170547763,-2.571405888001188,70296.759,1.520271745446078,0.8637450186769206
IDN,2017,74226.402,38333.451,85553.844,0.8675986785584994,1.9363349780326327,8.376886707767884,68489.144,-1.134905757288196,0.8789477361313813
IDN,2018,76684.426,37207.022,89351.404,0.8582341470538057,2.0610202558001016,3.3115224957286804,74226.402,-0.936453150469363,0.8675986785584994
IDN,2019,70068.193,36026.038,80201.989,0.8736465750244673,1.944931968372431,-8.627870540492811,76684.426,1.5412427970661557,0.8582341470538057
IDN,2020,62956.043,31794.648,71414.124,0.8815629104405174,1.980083031584435,-10.15032598314617,70068.193,0.791633541605008,0.8736465750244673
IDN,2021,77432.706,38637.383,90242.625,0.8580502395625128,2.0040877509742314,22.994874376078567,62956.043,-2.351267087800457,0.8815629104405174
IDN,2022,99188.071,48491.655,115983.189,0.8551935142945587,2.0454668127949027,28.095834594751203,77432.706,-0.2856725267954108,0.8580502395625128
IND,2000,30116.672,17058.887,34668.653,0.8687003789850156,1.7654535140539942,,,,
IND,2001,29090.025,16897.92,33160.824,0.8772407163344312,1.7215151332234977,-3.4088992303000665,30116.672,0.8540337349415617,0.8687003789850156
IND,2002,31829.685,18537.47,36429.127,0.8737427333902347,1.717045799669534,9.417867464878427,29090.025,-0.3497982944196565,0.8772407163344312
IND,2003,39585.802,22027.097,45388.326,0.8721582285277497,1.7971411303087284,24.36755814580007,31829.685,-0.1584504862484959,0.8737427333902347
IND,2004,52503.394,29639.041,61390.952,0.8552301648620794,1.771426882536449,32.63188150135241,39585.802,-1.6928063665670345,0.8721582285277497
IND,2005,69361.925,39228.557,83378.628,0.8318909373274889,1.7681487748835625,32.10941182202431,52503.394,-2.33392275345905,0.8552301648620794
IND,2006,84566.089,47864.811,103436.998,0.8175613236571309,1.7667695167541768,21.920043309063296,69361.925,-1.432961367035801,0.8318909373274889
IND,2007,105590.761,60098.85,130128.647,0.8114336345939261,1.7569514391706331,24.86182375065258,84566.089,-0.6127689063204711,0.8175613236571309
IND,2008,117003.26,66799.82,148868.255,0.7859517128080798,1.7515505281301653,10.80823633802581,105590.761,-2.5481921785846295,0.8114336345939261
IND,2009,106599.518,60540.139,132908.635,0.8020511082669685,1.7608072885329846,-8.891839423961345,117003.26,1.609939545888861,0.7859517128080798
IND,2010,142951.969,82857.857,181868.043,0.7860202740511152,1.7252675144615435,34.101890592038146,106599.518,-1.6030834215853274,0.8020511082669685
IND,2011,170965.785,100431.707,226547.162,0.7546586922152659,1.7023088634747592,19.596663268065928,142951.969,-3.136158183584925,0.7860202740511152
IND,2012,170647.16,101616.991,230585.585,0.7400599651535026,1.6793171921416175,-0.18636769924461616,170965.785,-1.459872706176335,0.7546586922152659
IND,2013,178513.71,106782.347,237547.308,0.751486983805348,1.6717530098865498,4.609833530191754,170647.16,1.1427018651845366,0.7400599651535026
IND,2014,181963.179,106698.799,237546.002,0.7660123827299775,1.7053910700531878,1.932327214531604,178513.71,1.4525398924629562,0.751486983805348
IND,2015,183141.843,107795.853,224854.392,0.8144908416999033,1.698969282241312,0.6477486305072722,181963.179,4.847845896992576,0.7660123827299775
IND,2016,185265.29,110884.043,227334.661,0.81494519658839,1.6708020828569536,1.1594548603510724,183141.843,0.04543548884867743,0.8144908416999033
IND,2017,206006.978,122363.261,252738.566,0.81509910125865,1.6835688777532662,11.195668654392833,185265.29,0.015390467025999666,0.81494519658839
IND,2018,215152.363,126894.178,269863.245,0.7972644181314874,1.6955258814159309,4.439356903725855,206006.978,-1.7834683127162632,0.81509910125865
IND,2019,217108.043,129237.606,273343.933,0.7942669172028047,1.6799138402486349,0.9089744461695748,215152.363,-0.29975009286826726,0.7972644181314874
IND,2020,207747.003,111804.882,250813.168,0.8282938438064783,1.858121034464309,-4.311696550090504,217108.043,3.402692660367357,0.7942669172028047
IND,2021,256277.199,140007.908,327042.884,0.7836195543089693,1.8304480272642885,23.360238799690404,207747.003,-4.467428949750896,0.8282938438064783
IND,2022,296638.398,163194.852,394516.396,0.7519038524320292,1.8176945802187434,15.74904016334282,256277.199,-3.171570187694017,0.7836195543089693
JPN,2000,310267.82,191328.503,332673.269,0.932650287570896,1.6216497549243878,,,,
JPN,2001,259195.682,159202.697,278916.506,0.9292948836810684,1.628085999070732,-16.460662275578564,310267.82,-0.33554038898275795,0.932650287570896
JPN,2002,253444.381,154699.607,272720.801,0.9293181160757885,1.638300096004769,-2.218903091140234,259195.682,0.002323239472012961,0.9292948836810684
JPN,2003,276209.684,156498.562,298096.753,0.9265772982102894,1.7649343257224306,8.982366430921186,253444.381,-0.2740817865499068,0.9293181160757885
JPN,2004,315519.761,178852.862,343258.977,0.9191886655305157,1.7641303441932061,14.2319691441376,276209.684,-0.7388632679773743,0.9265772982102894
JPN,2005,327346.916,190033.775,363733.456,0.8999637250855473,1.7225722953722307,3.7484672790431217,315519.761,-1.9224940444968364,0.9191886655305157
JPN,2006,340828.102,197400.442,389206.038,0.8757009622754106,1.7265822636810508,4.118317705488939,327346.916,-2.426276281013673,0.8999637250855473
JPN,2007,363779.923,212330.818,420156.201,0.8658206689183198,1.7132695405525165,6.734133971147727,340828.102,-0.9880293357090841,0.8757009622754106
JPN,2008,368354.151,210942.344,432947.268,0.850806040887178,1.7462314299494084,1.2574162868246086,363779.923,-1.501462803114173,0.8658206689183198
JPN,2009,276115.966,139307.101,309314.363,0.8926710137931746,1.9820667002466732,-25.040625916551708,368354.151,4.186497290599656,0.850806040887178
JPN,2010,334913.081,181170.469,381943.088,0.8768664534649204,1.848607462621295,21.294355357922324,276115.966,-1.580456032825417,0.8926710137931746
JPN,2011,342640.409,186718.152,401132.005,0.8541836720308568,1.8350674818161223,2.307263716582031,334913.081,-2.268278143406366,0.8768664534649204
JPN,2012,333638.156,191590.19,391166.629,0.8529310305762304,1.7414156539016952,-2.627317958869224,342640.409,-0.12526414546263354,0.8541836720308568
JPN,2013,300783.056,176990.42,360393.747,0.8345956568441794,1.6994312799528921,-9.847524753733516,333638.156,-1.8335373732051075,0.8529310305762304
JPN,2014,309675.755,182061.55,374513.334,0.8268751120086956,1.7009399019177855,2.9565159415096964,300783.056,-0.7720544835483789,0.8345956568441794
JPN,2015,300547.741,177040.96,353587.931,0.8499943427084903,1.6976169864871948,-2.947603696001333,309675.755,2.3119230699794713,0.8268751120086956
JPN,2016,324392.326,186378.16,372012.79,0.8719924011214776,1.7405061086556493,7.933709606554662,300547.741,2.19980584129873,0.8499943427084903
JPN,2017,340508.219,199531.39,396686.92,0.858380253626714,1.706539602615909,4.968025353349437,324392.326,-1.3612147494763582,0.8719924011214776
JPN,2018,348019.262,209405.074,409431.695,0.8500056694438373,1.6619428333431883,2.2058330991417296,340508.219,-0.8374584182876732,0.858380253626714
JPN,2019,340637.495,197996.131,397973.053,0.8559310547088724,1.7204250066886408,-2.1210800107954952,348019.262,0.5925385265035166,0.8500056694438373
JPN,2020,285867.284,160306.524,330605.669,0.8646775019456789,1.7832542111636078,-16.07873819057999,340637.495,0.8746447236806509,0.8559310547088724
JPN,2021,320237.294,182392.493,377956.816,0.8472854052194153,1.7557591802860002,12.023065220712702,285867.284,-1.7392096726263628,0.8646775019456789
JPN,2022,319953.865,192440.473,402115.2,0.7956771218795011,1.6626121314927345,-0.08850593147967656,320237.294,-5.160828333991418,0.8472854052194153
KOR,2000,84290.525,68436.815,119400.356,0.7059486908062484,1.231654702224234,,,,
KOR,2001,72735.266,58171.203,100898.874,0.7208729207424059,1.250365511608897,-13.708846872172153,84290.525,1.4924229936157496,0.7059486908062484
KOR,2002,75093.399,59940.903,102969.316,0.7292793806652071,1.2527905860877673,3.2420765464719725,72735.266,0.8406459922801202,0.7208729207424059
KOR,2003,82230.346,63530.113,115181.562,0.7139193510850287,1.294352270394986,9.504093695372617,75093.399,-1.5360029580178458,0.7292793806652071
KOR,2004,105488.68,82124.907,151159.953,0.6978612913434816,1.284490708768778,28.284368400930717,82230.346,-1.605805974154706,0.7139193510850287
KOR,2005,113369.534,84326.339,166247.034,0.6819341751384268,1.3444142760662239,7.4708053982664335,105488.68,-1.5927116205054825,0.6978612913434816
KOR,2006,122303.19,90199.355,184687.985,0.6622151949949533,1.3559208932258995,7.880120597479046,113369.534,-1.9718980143473508,0.6819341751384268
KOR,2007,133119.65,95855.569,202861.717,0.6562088301756807,1.388752384329386,8.84397209917418,122303.19,-0.6006364819272636,0.6622151949949533
KOR,2008,130501.225,101197.558,219968.118,0.5932733624606453,1.289568914301272,-1.9669710670062512,133119.65,-6.293546771503533,0.6562088301756807
KOR,2009,108435.454,81418.841,171930.934,0.6306919381942053,1.3318226183052642,-16.90847806217911,130501.225,3.741857573356,0.5932733624606453
KOR,2010,129295.116,98250.272,204529.558,0.6321585851175604,1.3159771812132999,19.236938870565346,108435.454,0.1466646923355075,0.6306919381942053
KOR,2011,145538.264,119842.164,249437.275,0.583466380475813,1.21441618827911,12.562847308169012,129295.116,-4.86922046417474,0.6321585851175604
KOR,2012,146109.167,119598.604,249963.542,0.584521909999179,1.221662813054239,0.3922700355969644,145538.264,0.10555295233659612,0.583466380475813
KOR,2013,150086.599,120760.145,245974.796,0.6101706412229324,1.2428487809450708,2.7222330273089623,146109.167,2.564873122375344,0.584521909999179
KOR,2014,164625.032,128584.3,261148.528,0.6303885120884158,1.280288744426808,9.686696278593153,150086.599,2.0217870865483434,0.6101706412229324
KOR,2015,156696.71,115797.226,227174.091,0.6897648816827444,1.353199169037089,-4.815988129921833,164625.032,5.937636959432857,0.6303885120884158
KOR,2016,151199.235,107502.478,211223.058,0.7158273174891729,1.406472090810781,-3.508353812916687,156696.71,2.606243580642853,0.6897648816827444
KOR,2017,159080.243,114031.174,228962.098,0.6947885453076168,1.3950592405546924,5.2123332502310715,151199.235,-2.1038772181556142,0.7158273174891729
KOR,2018,163570.531,118181.13,239979.84,0.6816011336618942,1.3840663987558757,2.822655985004996,159080.243,-1.3187411645722569,0.6947885453076168
KOR,2019,156733.13,112848.665,228044.175,0.6872928457830594,1.388878902555028,-4.180093417927456,163570.531,0.5691712121165149,0.6816011336618942
KOR,2020,150874.54,104532.178,212637.503,0.7095387119928699,1.4433310669179782,-3.737939770615184,156733.13,2.2245866209810505,0.6872928457830594
KOR,2021,186064.483,127438.814,269893.05,0.6894007941293784,1.4600299324819517,23.32397699439548,150874.54,-2.0137917863491506,0.7095387119928699
KOR,2022,201042.428,148354.645,319947.372,0.6283609293093366,1.3551475115592102,8.049867851458782,186064.483,-6.103986482004176,0.6894007941293784
MYS,2000,29569.313,24474.131,49661.045,0.5954226899574908,1.2081864316244773,,,,
MYS,2001,28344.915,23983.795,47648.801,0.5948715267777672,1.181836110590505,-4.140772563772444,29569.313,-0.05511631797235905,0.5954226899574908
MYS,2002,29028.166,25396.301,48661.387,0.5965338801378596,1.1430076372145692,2.4104887949037757,28344.915,0.166235336009235,0.5948715267777672
MYS,2003,30979.529,25158.93,52134.291,0.5942255741043836,1.2313532014278825,6.722308946421207,29028.166,-0.2308306033475982,0.5965338801378596
MYS,2004,36531.826,28946.24,62905.31,0.5807431200959029,1.2620577318504924,17.922470674102243,30979.529,-1.3482454008480693,0.5942255741043836
MYS,2005,41406.095,33201.264,69786.985,0.593321161531767,1.2471240552769316,13.342527690786653,36531.826,1.2578041435864051,0.5807431200959029
MYS,2006,45172.491,36209.404,76907.692,0.5873598573209037,1.2475347840577546,9.096235711191802,41406.095,-0.5961304210863272,0.593321161531767
MYS,2007,51710.713,41441.668,87316.978,0.5922183083340333,1.2477951659667754,14.473901826667035,45172.491,0.485845101312965,0.5873598573209037
MYS,2008,61159.404,44638.44,99994.318,0.611628792748004,1.3701062133891775,18.272211794875084,51710.713,1.9410484413970641,0.5922183083340333
MYS,2009,48734.741,36608.201,78306.246,0.6223608395171951,1.3312520055273953,-20.315212685852856,61159.404,1.073204676919115,0.611628792748004
MYS,2010,56446.099,42754.07,89832.927,0.6283453170795604,1.3202508907339114,15.823122975045667,48734.741,0.5984477562365309,0.6223608395171951
MYS,2011,64328.319,48763.171,103261.962,0.6229623934513272,1.319198847835388,13.964153660999678,56446.099,-0.5382923628233227,0.6283453170795604
MYS,2012,62583.278,45061.59,98629.848,0.6345267611078544,1.3888386539400852,-2.712710400531382,64328.319,1.1564367656527241,0.6229623934513272
MYS,2013,62400.451,43301.656,97546.778,0.6396977150798359,1.4410638475350688,-0.2921339467069739,62583.278,0.5170953971981418,0.6345267611078544
MYS,2014,65815.704,43559.953,99191.67,0.6635204750560203,1.5109222913991665,5.473122301632083,62400.451,2.3822759976184438,0.6396977150798359
MYS,2015,53659.581,38884.072,82378.556,0.6513780236691694,1.379988726489345,-18.469942978958333,65815.704,-1.2142451386850883,0.6635204750560203
MYS,2016,52720.877,40248.453,81275.48,0.6486689097375986,1.3098857985920602,-1.7493688592163936,53659.581,-0.27091139315708057,0.6513780236691694
MYS,2017,56311.956,42205.309,88480.553,0.6364331380252563,1.3342386854696406,6.811493291357795,52720.877,-1.2235771712342358,0.6486689097375986
MYS,2018,62014.986,45857.966,97328.07,0.6371747225646208,1.352327445137885,10.127565094702096,56311.956,0.07415845393645704,0.6364331380252563
MYS,2019,59645.202,43495.185,91353.908,0.6529025775230108,1.3713058583381126,-3.821308610792884,62014.986,1.572785495839002,0.6371747225646208
MYS,2020,51779.913,35222.264,80448.307,0.6436420470601079,1.4700904234889614,-13.186792459852848,59645.202,-0.9260530462902983,0.6529025775230108
MYS,2021,56341.473,36629.684,87101.076,0.6468516301681508,1.5381370202374662,8.809516539743889,51779.913,0.32095831080429793,0.6436420470601079
MYS,2022,65860.045,43879.843,100682.299,0.6541372778943,1.5009179727466206,16.89443227726759,56341.473,0.7285647726149147,0.6468516301681508
PHL,2000,14415.086,11166.568,17513.781,0.8230710433115499,1.2909146301710606,,,,
PHL,2001,12912.967,10173.309,16756.201,0.7706381058570496,1.269298612673615,-10.420465060007267,14415.086,-5.243293745450028,0.8230710433115499
PHL,2002,13328.678,10401.604,17652.577,0.7550556499484465,1.281406021609744,3.219329841081442,12912.967,-1.5582455908603077,0.7706381058570496
PHL,2003,13739.758,10455.246,18774.991,0.73181169567538,1.3141496622843691,3.084176840343811,13328.678,-2.324395427306658,0.7550556499484465
PHL,2004,14573.165,11274.367,20133.702,0.7238194446306994,1.2925927460051638,6.065659962861081,13739.758,-0.7992251044680598,0.73181169567538
PHL,2005,16166.541,11290.299,21813.716,0.7411181570347757,1.4318966220469447,10.933630409042916,14573.165,1.7298712404076322,0.7238194446306994
PHL,2006,18017.247,12420.672,23630.325,0.7624629369253278,1.4505855238750367,11.447754965023126,16166.541,2.134477989055217,0.7411181570347757
PHL,2007,20815.047,14196.559,26628.353,0.7816873615878533,1.4662036765388007,15.528454485860133,18017.247,1.9224424662525497,0.7624629369253278
PHL,2008,22241.524,13262.113,28260.168,0.7870273099579592,1.6770724242811084,6.853104871682514,20815.047,0.5339948370105874,0.7816873615878533
PHL,2009,21569.203,12733.443,27750.551,0.7772531435501948,1.6939018771278123,-3.0228189399251537,22241.524,-0.9774166407764406,0.7870273099579592
PHL,2010,26971.851,15974.345,34705.76,0.7771577686239978,1.6884480083533941,25.047972333516434,21569.203,-0.00953749261970449,0.7772531435501948
PHL,2011,27736.73,16165.378,34608.442,0.8014440522922123,1.7158107901961834,2.83584170771225,26971.851,2.4286283668214503,0.7771577686239978
PHL,2012,29212.63,16568.13,35643.633,0.8195749855240626,1.7631820851236681,5.321103100473645,27736.73,1.8130933231850332,0.8014440522922123
PHL,2013,29881.624,16488.418,36888.614,0.8100500604332816,1.812279625613567,2.2900848023611697,29212.63,-0.9524925090780956,0.8195749855240626
PHL,2014,33248.313,17773.002,40684.693,0.8172192180484193,1.8707201518347887,11.26675377482831,29881.624,0.71691576151377,0.8100500604332816
PHL,2015,33038.87,17656.345,41168.471,0.8025284689343941,1.8712179672519993,-0.6299357203476741,33248.313,-1.4690749114025237,0.8172192180484193
PHL,2016,33978.778,17865.901,43048.692,0.7893103465257434,1.9018787801410069,2.8448551660513743,33038.87,-1.3218122408650723,0.8025284689343941
PHL,2017,38127.341,21177.16,49213.953,0.7747262448111006,1.8003991564496844,12.209276625545517,33978.778,-1.458410171464275,0.7893103465257434
PHL,2018,40027.062,22669.938,51967.538,0.7702320244611164,1.765644970003888,4.9825688080372466,38127.341,-0.4494220349984257,0.7747262448111006
PHL,2019,40739.261,23106.704,52628.67,0.7740887428848192,1.7630926937913773,1.7792937188345181,40027.062,0.3856718423702832,0.7702320244611164
PHL,2020,32742.525,16772.125,42097.039,0.7777868890018608,1.9521989610738055,-19.62906494548342,40739.261,0.36981461170415564,0.7740887428848192
PHL,2021,35043.002,18360.346,46914.952,0.7469474124155557,1.9086242710240862,7.025960887255933,32742.525,-3.0839476586305037,0.7777868890018608
PHL,2022,42847.227,22886.649,58012.174,0.7385902655535715,1.8721494352449761,22.270423635509307,35043.002,-0.8357146861984188,0.7469474124155557
SGP,2000,29630.935,26925.035,49753.144,0.5955590464795552,1.1004975480997519,,,,
SGP,2001,27991.982,24337.553,46323.111,0.6042768155187159,1.150155975007019,-5.53122269007037,29630.935,0.8717769039160772,0.5955590464795552
SGP,2002,29422.59,24774.138,47903.565,0.6142046004300514,1.1876332488339252,5.1107777934410015,27991.982,0.9927784911335502,0.6042768155187159
SGP,2003,32392.357,25118.09,53369.808,0.6069416063853931,1.2896027126266367,10.093492789044056,29422.59,-0.7262994044658355,0.6142046004300514
SGP,2004,40171.72,31370.188,67781.269,0.5926669800177391,1.2805699474928236,24.016044896022848,32392.357,-1.4274626367653975,0.6069416063853931
SGP,2005,46433.68,38848.866,82949.775,0.5597806624550821,1.1952390064616043,15.587980798432334,40171.72,-3.288631756265703,0.5926669800177391
SGP,2006,55116.025,44009.528,97396.401,0.5658938567966182,1.2523657377102522,18.69837798770204,46433.68,0.6113194341536121,0.5597806624550821
SGP,2007,61450.597,43446.309,105199.819,0.5841321552083659,1.414403165985861,11.493158296520845,55116.025,1.8238298411747733,0.5658938567966182
SGP,2008,61336.272,44056.809,113244.92,0.5416249311668903,1.3922086822039244,-0.18604375804518458,61450.597,-4.250722404147567,0.5841321552083659
SGP,2009,59567.058,40019.106,103173.271,0.5773497091121595,1.488465484461347,-2.884449840707637,61336.272,3.5724777945269293,0.5416249311668903
SGP,2010,69167.529,48437.316,119334.266,0.5796116347671674,1.427980216740333,16.117081021527024,59567.058,0.22619256550078237,0.5773497091121595
SGP,2011,81895.856,58015.593,143317.29,0.5714303975465904,1.4116180110405836,18.402171053414396,69167.529,-0.8181237220576953,0.5796116347671674
SGP,2012,83905.086,60760.263,149186.718,0.5624165952896691,1.3809203887086532,2.453396420937337,81895.856,-0.9013802256921277,0.5714303975465904
SGP,2013,81796.188,54349.252,142762.563,0.5729526444548351,1.5050103725438575,-2.513432856740061,83905.086,1.0536049165165928,0.5624165952896691
SGP,2014,86139.724,56570.999,150021.354,0.5741830859625491,1.522683451285702,5.31019367308414,81796.188,0.12304415077140085,0.5729526444548351
SGP,2015,89037.417,62660.6,159204.561,0.5592642348983959,1.4209474055467073,3.363945071381935,86139.724,-1.4918851064153138,0.5741830859625491
SGP,2016,91457.157,62875.823,155805.391,0.5869961007960245,1.4545679505459517,2.717666439043276,89037.417,2.773186589762855,0.5592642348983959
SGP,2017,100455.089,73374.209,179292.645,0.5602856101542817,1.369079004313355,9.838412099339578,91457.157,-2.67104906417428,0.5869961007960245
SGP,2018,111006.393,78491.123,194478.412,0.5707903096205865,1.4142541061617884,10.503503710001173,100455.089,1.0504699466304834,0.5602856101542817
SGP,2019,106726.705,73183.558,191205.979,0.5581766091111617,1.458342664892024,-3.855352727297423,111006.393,-1.2613700509424786,0.5707903096205865
SGP,2020,106549.542,71370.841,199917.674,0.5329670952454159,1.492900188747951,-0.16599687960009435,106726.705,-2.520951386574588,0.5581766091111617
SGP,2021,126808.751,84808.578,242369.855,0.5232034775941917,1.4952349631425257,19.013886516752933,106549.542,-0.9763617651224132,0.5329670952454159
SGP,2022,148358.09,94965.714,269641.133,0.550205706189493,1.5622279215422945,16.993574047582882,126808.751,2.7002228595301325,0.5232034775941917
THA,2000,33581.43,32458.377,52752.937,0.6365793434401577,1.0345997891391796,,,,
THA,2001,30202.571,29233.066,47663.127,0.6336674259748002,1.033164670445447,-10.061688856013573,33581.43,-0.2911917465357461,0.6365793434401577
THA,2002,31933.01,30251.49,49422.065,0.6461286067265704,1.0555847001255143,5.72944270207989,30202.571,1.2461180751770162,0.6336674259748002
THA,2003,35078.062,31710.758,54425.711,0.6445127009916324,1.106188064000236,9.848905568250533,31933.01,-0.16159057349379724,0.6461286067265704
THA,2004,39798.38,37163.584,64014.209,0.6217116577977242,1.0708972525362461,13.456610003141002,35078.062,-2.280104319390819,0.6445127009916324
THA,2005,42555.151,41113.43,71450.42,0.5955899349506972,1.035066911225845,6.926842248352827,39798.38,-2.6121722847026962,0.6217116577977242
THA,2006,49656.525,46536.773,81874.105,0.6064985382130285,1.0670384257198067,16.68746046747667,42555.151,1.090860326233123,0.5955899349506972
THA,2007,59070.63,53164.678,93913.66,0.6289886902501722,1.1110878918518043,18.958445038189844,49656.525,2.2490152037143774,0.6064985382130285
THA,2008,62524.949,57708.644,103940.849,0.6015435663797589,1.0834589875305336,5.847777482650862,59070.63,-2.7445123870413313,0.6289886902501722
THA,2009,56179.395,49573.626,86724.266,0.6477932600778655,1.1332516810450783,-10.148835147390534,62524.949,4.62496936981066,0.6015435663797589
THA,2010,65295.151,59665.201,102967.269,0.6341350181871872,1.0943590217688195,16.226155514846674,56179.395,-1.3658241890678324,0.6477932600778655
THA,2011,70043.543,67590.444,115464.755,0.6066227135717736,1.0362935772400015,7.272196981365453,65295.151,-2.751230461541365,0.6341350181871872
THA,2012,72892.415,70613.815,121002.515,0.6024041318480032,1.0322684732442227,4.067287115958695,70043.543,-0.42185817237703205,0.6066227135717736
THA,2013,76143.473,74254.289,123642.781,0.6158343607622349,1.0254420859110238,4.4600772247702425,72892.415,1.3430228914231623,0.6024041318480032
THA,2014,74613.183,71683.833,119647.305,0.6236093909511795,1.0408648627927026,-2.009745470895441,76143.473,0.7775030188944654,0.6158343607622349
THA,2015,76983.173,72118.595,117626.413,0.6544718234330583,1.0674524787955173,3.176368980264499,74613.183,3.086243248187881,0.6236093909511795
THA,2016,80518.99,74139.68,119778.857,0.6722304087440073,1.086044477127498,4.592973843777526,76983.173,1.7758585310948982,0.6544718234330583
THA,2017,89970.559,84132.503,133763.353,0.6726099262777899,1.069391207818933,11.738310428384647,80518.99,0.03795175337826251,0.6722304087440073
THA,2018,96203.549,89665.948,143299.126,0.6713477722118139,1.072910632696372,6.927810685270952,89970.559,-0.12621540659760733,0.6726099262777899
THA,2019,98426.987,87553.067,140796.259,0.6990738795126652,1.1241980477965439,2.311180848432093,96203.549,2.7726107300851344,0.6713477722118139
THA,2020,76712.458,62421.665,112622.41,0.6811473666741814,1.228939631776884,-22.06156021010782,98426.987,-1.7926512838483788,0.6990738795126652
THA,2021,78723.351,66998.43,124848.589,0.6305505863586491,1.175002921710255,2.621338244695526,76712.458,-5.0596780315532275,0.6811473666741814
THA,2022,88215.82,81624.202,146549.091,0.6019540578385438,1.0807556807722298,12.058009319242547,78723.351,-2.85965285201053,0.6305505863586491
VNM,2000,7991.091,6443.959,10898.87,0.733203625696976,1.2400902923187438,,,,
VNM,2001,8475.984,6782.651,11635.818,0.7284390319614832,1.2496565133603366,6.067919887284479,7991.091,-0.47645937354927614,0.733203625696976
VNM,2002,9058.294,7430.728,12820.768,0.706532869169772,1.2190318364499413,6.870116791159586,8475.984,-2.1906162791711203,0.7284390319614832
VNM,2003,10692.211,8777.542,15582.165,0.6861826325160848,1.2181327073114545,18.03780049532506,9058.294,-2.035023665368718,0.706532869169772
VNM,2004,12754.623,10596.663,18895.907,0.6749939550401047,1.2036452419030406,19.288919756634073,10692.211,-1.118867747598007,0.6861826325160848
VNM,2005,15368.609,12313.106,22921.566,0.6704868681310867,1.2481504666653565,20.494419944830987,12754.623,-0.4507086909018021,0.6749939550401047
VNM,2006,19017.399,14726.216,28668.751,0.6633494078622401,1.2913975321290956,23.74183636267928,15368.609,-0.7137460268846652,0.6704868681310867
VNM,2007,22045.793,18269.378,35418.395,0.6224390743849348,1.2067073657351663,15.924333290793346,19017.399,-4.091033347730521,0.6633494078622401
VNM,2008,26697.274,23056.999,43800.9,0.6095142793869532,1.1578815612560855,21.099177516544753,22045.793,-1.2924794997981603,0.6224390743849348
VNM,2009,25045.868,22228.845,39001.717,0.6421734714910116,1.1267282668082843,-6.1856727394714595,26697.274,3.265919210405832,0.6095142793869532
VNM,2010,31311.289,27719.398,46963.351,0.6667175219247025,1.1295804115226455,25.015787035210767,25045.868,2.45440504336909,0.6421734714910116
VNM,2011,40231.173,35167.993,61648.883,0.6525855951031586,1.1439712524965528,28.487757243082523,31311.289,-1.413192682154385,0.6667175219247025
VNM,2012,44451.844,38172.622,68530.803,0.6486403493623152,1.1644954334025048,10.49104633364777,40231.173,-0.3945245740843428,0.6525855951031586
VNM,2013,49894.552,44808.665,78246.943,0.6376549688337345,1.1135023103232378,12.244054487368405,44451.844,-1.0985380528580668,0.6486403493623152
VNM,2014,56499.879,52582.209,90042.613,0.6274793358118117,1.0745056184307509,13.238573622226335,49894.552,-1.0175633021922814,0.6376549688337345
VNM,2015,58414.226,59399.236,97887.603,0.596747945702583,0.9834171267792065,3.388232034974803,56499.879,-3.073139010922865,0.6274793358118117
VNM,2016,64525.096,66307.316,110091.186,0.5861059213223482,0.9731218196194217,10.461270170728598,58414.226,-1.0642024380234871,0.596747945702583
VNM,2017,72704.565,80002.888,129459.439,0.5616011127624306,0.9087742557493674,12.67641508042081,64525.096,-2.4504808559917546,0.5861059213223482
VNM,2018,79039.531,87976.411,141673.337,0.5578998326269395,0.8984173155233623,8.71329881418037,72704.565,-0.3701280135491092,0.5616011127624306
VNM,2019,87249.923,98194.681,157493.616,0.5539902201496217,0.8885402153299933,10.387703337966414,79039.531,-0.3909612477317803,0.5578998326269395
VNM,2020,86645.189,99939.259,158463.454,0.5467834179608378,0.8669785014115423,-0.6931054827406524,87249.923,-0.720680218878389,0.5539902201496217
VNM,2021,94009.357,112301.38,185103.611,0.5078742467104005,0.8371166676669511,8.499223194031003,86645.189,-3.8909171250437358,0.5467834179608378
VNM,2022,116888.768,138607.83,224983.184,0.5195444651543379,0.8433056631793457,24.337376331592164,94009.357,1.1670218443937452,0.5078742467104005
