region,year,gdp_growth,log_gdp_pc,manufacturing_share,border_delay_index
ABW,2000,7.62292064930222,10.243699054962644,4.10096377494424,
ABW,2001,4.1820016304779,10.27531792495204,4.27707297760187,
ABW,2002,-0.944953481157384,10.258902941749522,4.4258336418259,
ABW,2003,1.11050459944282,10.258564490065902,4.77750508341168,
ABW,2004,7.29372807096192,10.307610921546775,5.62202020887743,
ABW,2005,-0.383137672063768,10.277864619739226,6.18729480964419,
ABW,2006,1.12741146411624,10.27110927669914,6.56566033561861,
ABW,2007,3.0895443848509,10.294070416319773,6.66602266899619,
ABW,2008,1.83575517191368,10.304632167664872,6.67084036318234,
ABW,2009,-11.6777413693852,10.173669629508701,4.20598999407169,
ABW,2010,-2.73345679250639,10.143654110695536,2.86046777972098,
ABW,2011,3.36923718421511,10.169424435607478,4.20609398852294,
ABW,2012,-1.04079988436683,10.14426407186926,1.99163765537339,
ABW,2013,6.43146080719245,10.191674789394664,3.26264374289606,
ABW,2014,1.42609864257801,10.19517992351267,3.43935218464331,
ABW,2015,3.61147995361162,10.220420861261761,3.58527966742609,
ABW,2016,1.23433537363427,10.225108981345736,3.68902192985166,
ABW,2017,3.49342985290626,10.25937335029299,3.73375514818499,
ABW,2018,3.21247111920076,10.289403094518178,3.22501490354643,
ABW,2019,1.22511225158814,10.29887473305062,2.92730273134612,
ABW,2020,-23.8979898352395,10.031436066828373,2.59796898824507,
ABW,2021,14.7306159219273,10.177054901915483,2.27863856453809,
ABW,2022,10.6364309604414,10.281761886856398,2.63057225622421,
ABW,2023,7.70679839650956,10.355547889712298,,
ABW,2024,6.81077669324542,10.415529959494902,,
ARG,2000,-0.78899893905691,9.271590714591147,16.4942719439838,
ARG,2001,-4.40883968258557,9.215521411810418,16.0932258763829,
ARG,2002,-10.8944848285903,9.089478325218936,20.347773913878,
ARG,2003,8.83704079576924,9.163828464434127,22.4867505875749,
ARG,2004,9.02957330068152,9.240136673356535,18.9370136214371,
ARG,2005,8.85165992013437,9.314677947324345,18.340415936715,
ARG,2006,8.04715150043027,9.381793005097167,17.8777938558849,
ARG,2007,9.00765087504757,9.45812987103844,17.0474154518997,
ARG,2008,4.05723310346406,9.487771863276931,16.5383660984547,
ARG,2009,-5.91852507634947,9.416165091577739,15.5837772738051,
ARG,2010,10.1253981561002,9.502050972116228,15.8448608064195,
ARG,2011,6.00395169280579,9.54970975869115,15.8506983942663,
ARG,2012,-1.0264204544321,9.529115900298596,15.2168009115954,
ARG,2013,2.40532378079436,9.54295482571449,15.0110542553443,
ARG,2014,-2.51261532081394,9.507190185666095,14.7727785491821,
ARG,2015,2.73115982828944,9.52366288803301,14.1815854549835,
ARG,2016,-2.08032784377811,9.492951061469718,13.4880259708051,
ARG,2017,2.81850297775918,9.511933706412325,12.8351683415363,
ARG,2018,-2.61739646282038,9.477181411867754,14.0601434041581,0.5617977528089887
ARG,2019,-2.00086100285785,9.449860910237419,13.5408390702829,0.5681818181818181
ARG,2020,-9.9004848136464,9.340758851642148,14.5905295089183,0.5795454545454548
ARG,2021,10.4418119882506,9.437418665623444,15.558416982668,0.6065573770491806
ARG,2022,6.02074537534855,9.493775178375971,16.4165686180445,0.6315789473684212
ARG,2023,-1.85578803046339,9.472173178879085,16.5255500222842,0.6315789473684212
ARG,2024,-1.34293072157739,9.455194584790855,15.1850458096465,0.6315789473684212
ATG,2000,6.20355212555867,9.67790927943493,1.5994508182233,
ATG,2001,-4.54810977120295,9.616034714934925,1.70380465740362,
ATG,2002,1.02723486062159,9.613674564721912,1.77619234179434,
ATG,2003,6.07663666406602,9.661666578697853,1.86571974358073,
ATG,2004,5.76710338270556,9.707071922516116,1.81156151550473,
ATG,2005,6.47368941781741,9.758531918589824,1.74970536049629,
ATG,2006,12.7081474873625,9.865767442807254,1.76793790767972,
ATG,2007,9.31518272315685,9.941277866872218,1.63100452448125,
ATG,2008,-0.0140065981851762,9.926460946976311,1.5367495476302,
ATG,2009,-11.9628794703471,9.783954910362805,2.01383694839192,
ATG,2010,-7.84050683730972,9.688770732908345,2.09439915105804,
ATG,2011,-1.95874262217572,9.657197495355556,2.18189978336359,
ATG,2012,3.37314273947959,9.679680657506735,2.05521647212716,
ATG,2013,-0.600982329599361,9.664481047365431,2.73356730113668,
ATG,2014,2.19829188738797,9.678297220288695,2.76963661615415,
ATG,2015,1.42161997595372,9.685184397388992,2.80170359243638,
ATG,2016,4.1203675438061,9.719318003225215,2.87573378949907,
ATG,2017,2.71272657973627,9.740552815986323,2.95986351713637,
ATG,2018,6.71200487159726,9.800466500618446,3.00838361795133,0.5561797752808989
ATG,2019,3.1722219373937,9.826890425274014,3.01174966372836,0.5497159090909092
ATG,2020,-18.8687765208148,9.612526392395905,2.91125092485215,0.5482954545454546
ATG,2021,8.17286311186622,9.685625121562634,2.77501652896383,0.5642076502732241
ATG,2022,9.10780623385958,9.767488673845074,2.69042190752282,0.5789473684210527
ATG,2023,2.42736300110336,9.786358380011832,2.61299721915496,0.5789473684210527
ATG,2024,3.65638765956977,9.817394937190567,,0.5789473684210527
BHS,2000,4.14841930754267,10.3866765952301,2.8874000646322,
BHS,2001,2.62600982683425,10.400318460409412,2.21211541952649,
BHS,2002,2.70495624731029,10.415550491089789,2.52557098397056,
BHS,2003,-1.26491667612372,10.390818676001603,2.41260235240003,
BHS,2004,0.882373744518318,10.387273084707946,2.6868272578791,
BHS,2005,3.39608420536011,10.408640754867037,2.39116732071328,
BHS,2006,2.51659221712706,10.420549214197724,2.52182251838009,
BHS,2007,1.44609991235758,10.420772350869473,2.29508567252508,
BHS,2008,-2.32364807041851,10.383807306290871,2.09861295838875,
BHS,2009,-4.17542805647342,10.328145109003763,2.09277536676164,
BHS,2010,1.53866248693835,10.330630388512159,2.1276258548143,
BHS,2011,0.613170735890648,10.325241732195183,2.19156045658337,
BHS,2012,4.52003886739061,10.359439541688364,2.94578560501474,
BHS,2013,-2.86320081549439,10.321153365901191,2.60517598541331,
BHS,2014,1.8469701294558,10.330666351425958,2.65012433679561,
BHS,2015,0.997411675486745,10.332649832174202,2.4827667770494,
BHS,2016,-1.15650811269629,10.314011905209883,3.07215783316079,
BHS,2017,3.3713988456489,10.340927562029366,2.6078782668777,
BHS,2018,2.39795510823548,10.358924424360916,2.18032326510235,0.7640449438202248
BHS,2019,-0.838585871193203,10.345529815791751,2.09459968366348,0.7357954545454546
BHS,2020,-20.0893664891399,10.118263008580238,1.94245020842983,0.7102272727272727
BHS,2021,17.5861390037409,10.278976490177339,1.90662125114231,0.6967213114754098
BHS,2022,10.8779009410268,10.37930106865397,1.07866559207875,0.6842105263157894
BHS,2023,3.04824180553773,10.40455508910712,0.855198967998795,0.6842105263157894
BHS,2024,3.37866553336166,10.433180166579163,0.629705421656308,0.6842105263157894
BLZ,2000,12.2406120663359,8.641823190583125,10.3852950709584,
BLZ,2001,4.99356206143864,8.659558794351607,8.91332983204615,
BLZ,2002,5.39907320663811,8.681885656637348,8.45101548779112,
BLZ,2003,9.66522679614125,8.744244980855715,7.9545953552383,
BLZ,2004,4.78066505273344,8.761405129262622,7.93612992982441,
BLZ,2005,2.2191905367057,8.754180299743702,7.90383073060379,
BLZ,2006,4.51145460193301,8.769598440394471,7.80692114139586,
BLZ,2007,3.33939738340764,8.774286490019918,7.61564161843715,
BLZ,2008,-1.62747776449082,8.730360561741394,7.4174110830453,
BLZ,2009,-0.446709636828217,8.699128752317334,7.77210361710834,
BLZ,2010,1.41741099233461,8.689086223585983,7.30038575441667,
BLZ,2011,-0.13007112300869,8.665999922662687,6.96804288894918,
BLZ,2012,3.94389321816617,8.683172326476612,7.44862965019521,
BLZ,2013,4.06646561608865,8.70169217571898,7.36889396818172,
BLZ,2014,3.89226067249989,8.718744627943913,7.05642700345171,
BLZ,2015,2.7602602736023,8.724958727608884,6.96229937857461,
BLZ,2016,-0.0187414958130319,8.701548174369977,6.81637402167735,
BLZ,2017,-1.83323729057784,8.660014660772736,6.64534080720309,
BLZ,2018,0.822068592512508,8.649555756147757,6.21487443288848,
BLZ,2019,4.25658710030072,8.676612161105819,6.21435641879325,
BLZ,2020,-13.5228997055506,8.518489257713213,6.70659321132001,
BLZ,2021,17.9899244143607,8.672383601318545,6.56599644343335,
BLZ,2022,9.25051329530994,8.742344467140153,6.69017982776567,
BLZ,2023,0.500127941638667,8.726756004273785,6.49061146125609,
BLZ,2024,3.50466435023895,8.746794716182972,6.59392256001454,
BMU,2000,9.31715641086083,11.603705061735932,,
BMU,2001,7.22243553752608,11.66830332224774,2.10803853733328,
BMU,2002,-1.47779059768867,11.648979965953071,2.13543640347981,
BMU,2003,3.41070667687531,11.678599480482802,1.70941293793779,
BMU,2004,2.32126722323136,11.6988415580506,1.74223354367056,
BMU,2005,1.67420611410508,11.712954314673146,1.64765322907988,
BMU,2006,5.5438663804406,11.7649513328622,,
BMU,2007,3.34513970877607,11.795058288694058,,
BMU,2008,-1.86595582635186,11.771630559287512,,
BMU,2009,-5.6266977105161,11.70954091646925,,
BMU,2010,-2.50287828947368,11.681679641271442,0.855449206167856,
BMU,2011,-3.74274431740703,11.643408277777473,0.703756923948915,
BMU,2012,-5.30529910675297,11.590262136096754,0.597959796732238,
BMU,2013,-0.279708545423034,11.588593029110404,0.51712437029792,
BMU,2014,-3.70106759364258,11.551588162913477,0.480075734472843,
BMU,2015,0.775529699568978,11.560337220734333,0.5141752075763,
BMU,2016,-0.657206304259205,11.553979849001156,0.431063531109314,
BMU,2017,3.61141983706115,11.587426151890876,0.463659126815448,
BMU,2018,-0.432801300339307,11.579117278722865,0.487269749128734,
BMU,2019,0.307106461240664,11.577869040676275,0.516039342813632,
BMU,2020,-6.82757303480177,11.502870155991165,0.336369618332935,
BMU,2021,4.60742917109469,11.543791465697321,0.34699412362379,
BMU,2022,6.47622571186707,11.604981919672353,0.355418413206067,
BMU,2023,4.91721557264164,11.653771317072072,0.331078200148684,
BMU,2024,5.97253260071749,11.712739823226661,,
BOL,2000,2.50781080899505,7.607972530875074,13.2411058398516,
BOL,2001,1.68379912721821,7.607801511674073,13.3447719203847,
BOL,2002,2.48556573783827,7.615628465902985,13.0354217893501,
BOL,2003,2.7113398370071,7.625629868658165,12.7844476107651,
BOL,2004,4.17329558916195,7.649688247814797,12.5074546204993,
BOL,2005,4.42143312687995,7.676096525335734,11.6269448883483,
BOL,2006,4.79700882356046,7.705905162834662,11.3316028641399,
BOL,2007,4.56438426887904,7.733432810667066,11.414916152174,
BOL,2008,6.14849787462195,7.776220518070332,11.1684738555863,
BOL,2009,3.35699957430558,7.792586630747127,11.616725705404,
BOL,2010,4.12672259105658,7.816581020422229,11.2700224741776,
BOL,2011,5.20409244308591,7.851085337664713,10.3384637671598,
BOL,2012,5.12227558091767,7.885042836020854,10.2142087811062,
BOL,2013,6.79601142810857,7.93505578491809,9.92781122691066,
BOL,2014,5.46056950635116,7.972777145452693,9.73832796276455,
BOL,2015,4.8571871797142,8.005037649739139,10.1911908480799,
BOL,2016,4.26392086382097,8.031895790581249,10.9842215418371,
BOL,2017,4.19520633360403,8.058379271145233,11.56848905963,
BOL,2018,2.86808404814794,8.072322806079557,11.1822958503404,0.8595505617977528
BOL,2019,1.50672102666863,8.073211851012028,11.2386028232878,0.8508522727272727
BOL,2020,-12.7194690092717,7.924829446024645,11.3585790219585,0.8437500000000001
BOL,2021,10.0290488827886,8.010210543309576,12.0231811729003,0.8428961748633882
BOL,2022,3.74741781241461,8.03535703683384,12.256215481153,0.8421052631578948
BOL,2023,2.51636590154891,8.046475865782845,11.835923096148,0.8421052631578948
BOL,2024,-1.12335595517212,8.021458053370118,13.0661500585552,0.8421052631578948
BRA,2000,4.38794944364869,8.827289691610327,13.1346595935521,
BRA,2001,1.3898964044581,8.828059400517153,13.0895379354002,
BRA,2002,3.05346185683619,8.845722908994254,12.3569626673734,
BRA,2003,1.14082899877101,8.845264475623205,14.4507645630532,
BRA,2004,5.75996463685998,8.889967189663635,15.0995301563872,
BRA,2005,3.20213206216255,8.91052745477402,14.7382811395678,
BRA,2006,3.96198870899485,8.938799223682652,14.108945872191,
BRA,2007,6.06987060733128,8.987603389267655,14.1542648072939,
BRA,2008,5.09419544811998,9.027710404430774,13.9551768982477,
BRA,2009,-0.12581200299141,9.017495169908646,13.059462149411,
BRA,2010,7.52822581812151,9.081669530522428,12.7218596106307,
BRA,2011,3.97442307944702,9.112506142658724,11.783797669281,
BRA,2012,1.92117598509462,9.123419701909391,10.6759423067884,
BRA,2013,3.0048226702888,9.144920208621224,10.4796122903932,
BRA,2014,0.503955740273241,9.141883968180045,10.3370973961119,
BRA,2015,-3.54576339347278,9.097865228260668,10.5209374563041,
BRA,2016,-3.2759169063211,9.056937736591848,10.7864511151848,
BRA,2017,1.32286905390815,9.062797225494023,10.7214980097615,
BRA,2018,1.78366676137003,9.073642290648193,10.5284573774955,0.5056179775280898
BRA,2019,1.22077782271943,9.079256211432273,10.3325005326579,0.4687499999999998
BRA,2020,-3.27675879612903,9.040146235298428,10.692931568083,0.4375
BRA,2021,4.7626043797061,9.082419320008778,11.9043730116912,0.4289617486338798
BRA,2022,3.01669435408112,9.108538381315462,13.0740816278135,0.4210526315789473
BRA,2023,3.24165532813583,9.136481316880165,13.2531636221996,0.4210526315789473
BRA,2024,3.41931516597739,9.166048205689753,12.1108065155746,0.4210526315789473
BRB,2000,4.44718962836241,9.976895958288354,7.74309527700605,
BRB,2001,-2.36546466744424,9.951576654700267,7.7934195449337,
BRB,2002,0.787402032457734,9.952875611497893,7.53581200708193,
BRB,2003,2.17548079415926,9.968252863921304,8.09004517837669,
BRB,2004,1.41159830663733,9.97655985213301,7.77035854260415,
BRB,2005,3.95545720757542,10.010098473239594,7.01531614085613,
BRB,2006,6.07054621673575,10.064221169072583,7.71169457860405,
BRB,2007,2.07918386258883,10.080048186742262,6.88612444935382,
BRB,2008,0.633460590858988,10.081120173572018,7.16470764175028,
BRB,2009,-5.01727538250874,10.024491732747931,7.01912725359953,
BRB,2010,-2.21771085628247,9.997987581717714,5.26450316416648,
BRB,2011,-0.310320187825369,9.991629536647606,5.71771644505659,
BRB,2012,-3.41390821153806,9.9540048118775,5.12457801421517,
BRB,2013,-1.771174940631,9.933512635726391,5.47536702428007,
BRB,2014,0.752615446604594,9.938553831670475,5.2716791801587,
BRB,2015,-1.17048018967635,9.92447617983471,5.58339110062038,
BRB,2016,1.49650622520576,9.937153451936343,5.59334578648715,
BRB,2017,0.708386729317951,9.942165072721245,5.71689995864969,
BRB,2018,-1.2760241773002,9.927397180509963,5.29411274669066,
BRB,2019,0.227712137486577,9.927906330576977,5.24680087960596,
BRB,2020,-14.3647119341564,9.771089064382753,5.09427506681092,
BRB,2021,-0.0967779613221893,9.76852817955769,4.80534001395533,
BRB,2022,17.2264626793379,9.926859752539247,5.15403273831138,
BRB,2023,2.914357359625,9.955522971104964,5.15142075935348,
BRB,2024,2.4822621396186,9.97957863785945,5.01530397903455,
CAN,2000,5.1385391803606,10.542887380815863,17.0244371251909,
CAN,2001,1.87509810696022,10.550602734853774,16.0387406239215,
CAN,2002,2.99925535017809,10.569306374626311,15.7090594100464,
CAN,2003,1.80638512302554,10.578216744917812,14.6632534815922,
CAN,2004,3.09236384292251,10.599350012029102,14.2955430912374,
CAN,2005,3.21045439063563,10.621479113495887,13.3747616196987,
CAN,2006,2.63794375007348,10.637381020088094,12.5833403493579,
CAN,2007,2.04990463726786,10.647966247151581,11.9029448677155,
CAN,2008,0.995406301140747,10.647032383311542,10.6115120938541,
CAN,2009,-2.91508621550267,10.606001115880384,10.061196410184,
CAN,2010,3.09080634469335,10.62532762442754,10.0271541121914,
CAN,2011,3.13719442170364,10.64646345253146,9.95539617251473,
CAN,2012,1.75566129145483,10.653030263322961,10.0201674141654,
CAN,2013,2.32581354806429,10.665488240504729,9.58849235825594,
CAN,2014,2.87346677785811,10.683803581194919,9.42615082382699,
CAN,2015,0.649971001734855,10.682679257730259,9.9754225443394,
CAN,2016,1.03855092490855,10.68169581068057,9.92800413520787,
CAN,2017,3.03383491200222,10.699628695725806,9.68457578828024,
CAN,2018,2.74296344906655,10.71235661695358,9.86607158831886,1.0
CAN,2019,1.90843194590616,10.71664398903809,9.29963869581248,1.0
CAN,2020,-5.03823343468899,10.654104466724325,9.01547651322254,1.0
CAN,2021,5.95052802804381,10.706367524961719,9.25454311712137,0.0
CAN,2022,4.18903628100851,10.72936519897572,,1.0
CAN,2023,1.52874550838358,10.715490176646979,,1.0
CAN,2024,1.55479521049516,10.70129646832037,,0.0
CHL,2000,4.9716214882971,9.043736998669685,15.1925267293194,
CHL,2001,3.15403492459967,9.063233224314345,15.9367790320988,
CHL,2002,3.20279913520113,9.083721095781787,15.7836753201839,
CHL,2003,4.72324526861041,9.119406869372144,15.1937580372309,
CHL,2004,6.67425416822923,9.173922704414691,14.2216397906642,
CHL,2005,5.83704571917758,9.22072831390893,12.8191999709241,
CHL,2006,6.04999082563968,9.269704378495659,11.6836771075447,
CHL,2007,5.16823098528431,9.310307425489734,10.6421663942592,
CHL,2008,3.78939280635238,9.337509637549179,9.97400639751951,
CHL,2009,-1.11803723642878,9.3161776149694,10.261159884544,
CHL,2010,5.85165102224047,9.36300048795795,9.88717399049902,
CHL,2011,6.22389678509138,9.41351336106279,9.90905378555266,
CHL,2012,6.15534001855494,9.463651038951573,9.82773286927817,
CHL,2013,3.30850824710085,9.48666314331262,9.98503250354271,
CHL,2014,1.79264947139259,9.49446266864666,9.9204651623778,
CHL,2015,2.15194249981184,9.505538153004625,10.3988647875082,
CHL,2016,1.753038749071,9.510822501382549,9.70592487599938,
CHL,2017,1.35769537343957,9.508468631529055,9.16084501940209,
CHL,2018,3.99002947789977,9.529739611195893,9.60421381916072,0.3202247191011237
CHL,2019,0.634367533828438,9.520072070591876,8.96909548434668,0.356534090909091
CHL,2020,-6.14347479224092,9.447704253737134,8.99628171941755,0.4005681818181817
CHL,2021,11.3149204879049,9.5504823926288,8.53055034005302,0.4658469945355191
CHL,2022,2.15399356192458,9.566835726300333,9.47546946435641,0.5263157894736843
CHL,2023,0.521367977246825,9.56663957480496,9.40633654861343,0.5263157894736843
CHL,2024,2.64431154871538,9.587364859800584,9.01046913453608,0.5263157894736843
COL,2000,2.92486148176778,8.298243214136546,13.9327006536198,
COL,2001,1.67789830787579,8.299163516306239,14.1371966473471,
COL,2002,2.50398046659659,8.308515733738236,14.0329280173486,
COL,2003,3.91827190322513,8.331869200280558,14.2374561677284,
COL,2004,5.33302206759905,8.369137611599138,14.4134103625529,
COL,2005,4.82876110773741,8.402292955782052,15.9910403067837,
COL,2006,6.71686869844402,8.4540477111501,15.9786060942757,
COL,2007,6.73819469090975,8.506587672816924,16.1542662179759,
COL,2008,3.28344618616541,8.526860684740482,15.3737037145843,
COL,2009,1.13964864548062,8.526543583446504,14.7800723322979,
COL,2010,4.49465897070922,8.559149673592595,13.9670256956953,
COL,2011,6.94789198173555,8.615607839856338,13.217602576964,
COL,2012,3.91263576716115,8.643959081011802,13.0892848837297,
COL,2013,5.13399351995672,8.684537467094968,12.6623563037307,
COL,2014,4.49903000110972,8.719617954543367,12.2693186420816,
COL,2015,2.95590137527523,8.740099099350715,12.4008937581087,
COL,2016,2.08738250162794,8.750852565595604,12.297778837716,
COL,2017,1.35936086788746,8.749839837418161,11.4095935667718,
COL,2018,2.56432428277704,8.75676842867108,11.1518529729467,0.5337078651685394
COL,2019,3.18685539245533,8.77027816661759,10.926657535177,0.5326704545454548
COL,2020,-7.18591413760859,8.681343179480681,10.7275023510948,0.5369318181818183
COL,2021,10.8011981904878,8.772946299201278,11.1991608490115,0.5587431693989071
COL,2022,7.32827729427979,8.832985333472989,11.1476678003017,0.5789473684210527
COL,2023,0.712380031974334,8.828874592960394,10.8689972370914,0.5789473684210527
COL,2024,1.5983315366523,8.833986728002298,10.0955376873703,0.5789473684210527
CRI,2000,3.86871808953644,8.9524138276336,18.3175432044458,
CRI,2001,3.49116989434005,8.968808023084689,17.4274244196446,
CRI,2002,3.41687639041064,8.98589087591492,17.3932522835422,
CRI,2003,4.31717986636224,9.012798467227745,17.1022291306201,
CRI,2004,4.42459959654504,9.041392485592498,16.888551555915,
CRI,2005,3.97666636818026,9.065931710535946,16.8674893774669,
CRI,2006,7.3266954325067,9.122633594109477,16.485979174058,
CRI,2007,8.21513198348715,9.188044812282183,16.1311206000911,
CRI,2008,4.73817487754022,9.220776644539471,15.1342550082888,
CRI,2009,-0.873455942787785,9.19863975297876,14.1529986927289,
CRI,2010,5.36034352634111,9.238450131273751,14.5756507627767,
CRI,2011,4.40315923970431,9.269784955337645,14.2961414838857,
CRI,2012,4.88259241025739,9.305788659121214,13.8778882377201,
CRI,2013,2.49476611209954,9.319297353418754,12.8426334917159,
CRI,2014,3.54210987765977,9.343355569585269,12.2879019689087,
CRI,2015,3.65208096802883,9.368600647100541,11.6070817090569,
CRI,2016,4.20432325175899,9.399673550842316,11.6051648163289,
CRI,2017,4.1576989627609,9.430965992214544,11.7340016097056,
CRI,2018,2.6159044043379,9.447743795453215,11.9243306402559,0.6179775280898876
CRI,2019,2.41751181762513,9.463248537444727,12.0464449459211,0.5965909090909092
CRI,2020,-4.27335432161462,9.412645086408077,12.790846486792,0.5795454545454548
CRI,2021,7.93576224743147,9.483925507255908,13.733396136347,0.5792349726775956
CRI,2022,4.55149177958398,9.524140485179723,14.0800611616654,0.5789473684210527
CRI,2023,5.11192183224598,9.569331359379445,13.6187875235229,0.5789473684210527
CRI,2024,4.32122429646145,9.606871178983896,12.9639765989781,0.5789473684210527
CUB,2000,5.9147601740486,8.321728444095221,16.4228179575599,
CUB,2001,3.18502990449461,8.349934362636903,16.0694896851249,
CUB,2002,1.42482126141282,8.361099611879945,15.3555320700793,
CUB,2003,3.79274022304334,8.39546975163608,14.234064599512,
CUB,2004,5.77053807021559,8.448954611389995,13.7761432348245,
CUB,2005,11.2016564219094,8.553014447576277,13.8895259941213,
CUB,2006,12.0658631129953,8.665511749438265,13.4219267843194,
CUB,2007,7.26213696647943,8.734844252548541,14.5102970962683,
CUB,2008,4.11682804164681,8.774789967677503,14.6622965054608,
CUB,2009,1.4513054307407,8.7889368775586,14.9806701030928,
CUB,2010,2.39035229650723,8.812321047837221,15.6308294988186,
CUB,2011,2.80230083647626,8.8395902610853,15.3399043339614,
CUB,2012,3.01490028898772,8.86915179876374,16.1031432438714,
CUB,2013,2.74760256257211,8.896700292688333,15.7333955514077,
CUB,2014,1.04757663187654,8.90821898541771,15.0875135296648,
CUB,2015,4.4383335888395,8.952595020259022,14.9087370083367,
CUB,2016,0.512843095700745,8.95854909596948,13.85020630952,
CUB,2017,1.80979178380274,8.978064963675275,13.5004773230757,
CUB,2018,2.24794852913217,9.002138539575917,12.8129080205299,0.9494382022471908
CUB,2019,-0.163087223606624,9.00267058465408,12.4792608549362,0.9474431818181815
CUB,2020,-10.9494359030206,8.889072299684374,11.1968104925851,0.9460227272727272
CUB,2021,1.25448735650322,8.906399200893967,10.5350520342322,0.9467213114754096
CUB,2022,1.77465227724316,8.929611605456687,10.7402861822829,0.9473684210526316
CUB,2023,-1.92937123169681,8.913742519010999,11.0840976103906,0.9473684210526316
CUB,2024,-1.06173273220524,8.906718295391586,10.6773248471059,0.9473684210526316
CUW,2000,,9.976907416565655,7.68707588195963,
CUW,2001,-0.695753704098053,10.006543361591143,8.02781126074365,
CUW,2002,0.397065216763636,10.009282540325476,7.49023877783278,
CUW,2003,0.288186681651752,9.99153923785363,6.95200132548915,
CUW,2004,0.208461073109362,9.976371383517828,7.31013448237569,
CUW,2005,0.676425345201665,9.95761212397929,6.02558931165562,
CUW,2006,1.63593468987035,9.948157955923417,7.72113195801123,
CUW,2007,2.46996322836787,9.952808861914876,7.48319648954856,
CUW,2008,2.18804308019168,9.961871098477179,6.66311469321997,
CUW,2009,-0.531308242338184,9.950032330819743,7.60231319688238,
CUW,2010,0.0823066088131412,9.938199916821421,6.14232673108023,
CUW,2011,0.508457572414372,9.929062633113361,7.50411242964971,
CUW,2012,-0.34895035717112,9.91726773107305,7.52814646531451,
CUW,2013,-0.635696647893425,9.899553683976423,8.07271906369194,
CUW,2014,-0.637398345190817,9.879682886000838,8.10526510698944,
CUW,2015,0.45815174597594,9.871058001230393,8.59755690822507,
CUW,2016,-1.06770769957464,9.84972035083655,9.26839041598977,
CUW,2017,-1.27620931537493,9.833680762230278,8.78261385292674,
CUW,2018,-2.10411142994484,9.817666916116831,6.20085793873428,
CUW,2019,-3.20613171902549,9.797044773375314,5.08574387097892,
CUW,2020,-18.4384703505393,9.605753103433067,2.76459872561691,
CUW,2021,4.18371193053579,9.656653805336672,2.62853745189045,
CUW,2022,6.90599999999999,9.727514683284038,2.50792872132981,
CUW,2023,4.20199999999977,9.760019219433632,2.71387299056285,
CUW,2024,5.02690000000014,9.800611458510215,2.91971509387676,
CYM,2006,,11.472797291843234,0.782115181070079,
CYM,2007,3.16262533840754,11.47421310745041,0.824567425694094,
CYM,2008,-0.357401372925935,11.441593978597707,0.828842508073496,
CYM,2009,-7.20048278238133,11.33858900601258,0.822761827718048,
CYM,2010,-2.71563682344265,11.283299654103965,0.758183414018871,
CYM,2011,1.16906269526342,11.26744706592971,0.754645714462373,
CYM,2012,1.22975368307725,11.252526320560195,0.782350694438044,
CYM,2013,1.2793305928175,11.239000051369935,0.793863022067095,
CYM,2014,2.65452932151371,11.23986427512042,0.826453128074659,
CYM,2015,2.83312242670048,11.243465816104356,0.831097333305651,
CYM,2016,3.23997361448569,11.251974436233825,0.85968452419853,
CYM,2017,3.18404730726789,11.260831568248506,0.84912846313201,
CYM,2018,4.26726567162505,11.281066156636193,0.891117570434061,
CYM,2019,3.91563637725301,11.298674409844732,0.903360290901168,
CYM,2020,-4.95480732200573,11.227901784193584,0.916881905039949,
CYM,2021,4.86941655353661,11.254926887755802,0.994757546303145,
CYM,2022,5.77566708028824,11.290144747419916,0.971803986752427,
CYM,2023,5.8155918263088,11.326661954843448,0.968058131509672,
DMA,2000,2.3402193777688,8.836315407810757,6.86495551828693,
DMA,2001,-0.0638434428881567,8.838937030134108,13.3120737869793,
DMA,2002,-3.08742052359268,8.806419977385474,16.0072652609966,
DMA,2003,5.80495468629533,8.860451194836433,10.0321441327037,
DMA,2004,4.09783662273917,8.89889183470651,8.88789304653073,
DMA,2005,0.915286472779144,8.906765649096409,7.72709640184307,
DMA,2006,4.40077479812059,8.948785591716899,8.05763453094167,
DMA,2007,5.3579375575878,9.000383186977029,6.84296006329905,
DMA,2008,7.12131217762231,9.069073282341723,4.67280345059066,
DMA,2009,-1.13575145648322,9.05750555436405,4.57056250314258,
DMA,2010,-0.105610857694984,9.056521497224809,4.66151807469258,
DMA,2011,0.0427388878891435,9.054135404695808,5.1983127062132,
DMA,2012,-0.15739179314221,9.051619383651605,5.97383555403713,
DMA,2013,0.0045039972976042,9.043064108855313,5.26087015580217,
DMA,2014,2.33521742067693,9.056753628667709,4.96087606547191,
DMA,2015,-3.37338262476895,9.021912056472,4.44435976577881,
DMA,2016,1.44724556489263,9.047765313730453,3.87651723971178,
DMA,2017,-7.5443637547282,8.985399470171473,3.5080798916545,
DMA,2018,2.964010610466,9.0193208887177,3.29135863605815,
DMA,2019,3.94809757938053,9.062364235686067,3.44811727507905,
DMA,2020,-15.7064024545862,8.896032908754442,3.16563386198929,
DMA,2021,5.37983838954712,8.953939539938476,3.627965733686,
DMA,2022,10.3968076616121,9.05846135388528,3.95180321827055,
DMA,2023,3.65221012208734,9.09907224356153,3.84183266484659,
DMA,2024,2.052738472526,9.1239881045895,4.73392187012764,
DOM,2000,4.65172550299128,8.324361976722292,20.9748604328103,
DOM,2001,2.46937023763239,8.333026165468969,19.6642972024579,
DOM,2002,4.48650367045651,8.36189561307953,20.367205798346,
DOM,2003,-1.34935744782766,8.333911220254402,21.755210832006,
DOM,2004,2.58556667449577,8.345695352172381,21.5766031064474,
DOM,2005,9.43178931977285,8.422717568691741,18.3816788147589,
DOM,2006,9.17120650955299,8.497952706400847,17.5437475198523,
DOM,2007,7.41840577774235,8.557333675012996,16.2292679671755,
DOM,2008,3.26808671288212,8.577144956264481,15.9825489411475,
DOM,2009,1.00345293018719,8.574452067694693,14.9431826579297,
DOM,2010,8.40114541209596,8.642319216205266,14.6281959627096,
DOM,2011,3.19196227475523,8.661046584483083,14.2302124694117,
DOM,2012,2.77567100848816,8.675955893763161,13.9624713634847,
DOM,2013,4.93473300709881,8.711942864856029,13.3938704070421,
DOM,2014,7.11122629673892,8.76877306832018,13.1566722596838,
DOM,2015,6.98771131236387,8.824818042218277,13.1172780500833,
DOM,2016,6.71974078681295,8.87874176696129,12.6815911037548,
DOM,2017,3.93386176401576,8.906447583754677,12.2960770251777,
DOM,2018,7.09751640210159,8.964274338056054,12.104241264209,0.6910112359550561
DOM,2019,4.8940301149584,9.00172162213943,12.1194058859996,0.6946022727272727
DOM,2020,-7.92905234231061,8.908677478547647,12.9525991684305,0.7017045454545455
DOM,2021,14.0124289062207,9.029406464326538,13.6776361690029,0.7199453551912567
DOM,2022,5.23795652902595,9.070864019724837,13.3680159478342,0.736842105263158
DOM,2023,2.19229848237939,9.083638559314252,12.5266639934139,0.736842105263158
DOM,2024,4.95352204492849,9.123523978409294,12.4639218694399,0.736842105263158
ECU,2000,1.09180164720277,8.282330942924474,23.9393098444242,
ECU,2001,4.20627185748789,8.306225262709143,20.4272571669847,
ECU,2002,4.92809549611376,8.336845190471081,18.8763207423972,
ECU,2003,2.88450036512064,8.347640876056564,17.3160600116104,
ECU,2004,6.83239736646514,8.396208401073688,15.9186999201902,
ECU,2005,5.39862243994342,8.431488994320295,14.7037965260626,
ECU,2006,4.34113198577639,8.456801913123694,14.0483715285816,
ECU,2007,1.90242859700484,8.458568582904595,14.1174583702993,
ECU,2008,6.56492068224719,8.505100802337594,13.6931926001675,
ECU,2009,1.0910129698311,8.498894143856889,14.3067678633646,
ECU,2010,4.02913787986621,8.521624109159822,13.4157104992039,
ECU,2011,8.48147656332823,8.586617988892254,12.8501503190767,
ECU,2012,5.783212336172,8.626918292108286,12.5996773832049,
ECU,2013,7.21123653679159,8.681575078092347,12.2611805401854,
ECU,2014,4.22606520388456,8.708646547394471,13.1351000392395,
ECU,2015,0.119692109287612,8.695533446764424,14.2997317197965,
ECU,2016,-0.687954245877947,8.674049216381379,14.5926588381272,
ECU,2017,5.97039880954841,8.716744220594295,13.9316523803397,
ECU,2018,1.04429460679607,8.709975776667743,13.3663080349279,0.5674157303370787
ECU,2019,0.1654044646003,8.694734906925728,12.6784857740305,0.5610795454545455
ECU,2020,-9.24509619165865,8.585914703255183,12.9418127421121,0.559659090909091
ECU,2021,9.42189269033631,8.66821236299871,13.0100405607162,0.575136612021858
ECU,2022,5.86842354862311,8.717271976290036,12.8847307909688,0.5894736842105264
ECU,2023,1.98823813984235,8.728234724312523,13.2994712368456,0.5894736842105264
ECU,2024,-2.00125476341026,8.699413728218833,12.8762268451495,0.5894736842105264
GRD,2000,4.88795213650562,8.806443012771073,4.53463443788771,
GRD,2001,-2.02390004072058,8.781020477934666,4.50764528561892,
GRD,2002,3.43732352954147,8.810962012272697,4.36593162688547,
GRD,2003,9.46397343076491,8.896969204973345,3.88849830271,
GRD,2004,-0.647450316084857,8.886449943613586,3.3613885385457,
GRD,2005,13.2761883306272,9.007356286397378,2.89580937167199,
GRD,2006,-3.99532824427482,8.962935324229575,3.38349204592355,
GRD,2007,6.12345094741467,9.018860476148145,3.59418851083043,
GRD,2008,0.947542624907697,9.024913063113436,3.31365545399869,
GRD,2009,-6.61328134799545,8.953268963381756,3.31535445851125,
GRD,2010,-0.511146187173722,8.945164674708524,3.4528807632077,
GRD,2011,0.764773550338731,8.948374928791383,3.37761668973587,
GRD,2012,-1.15483816409801,8.930568643215393,3.24677730034079,
GRD,2013,2.35109801677905,8.947513887713324,3.38055532357246,
GRD,2014,7.34212396037948,9.012697475128231,3.42091148457563,
GRD,2015,6.44522314693144,9.070402717871168,3.41912092484175,
GRD,2016,3.7396039558691,9.10316531919438,3.35330009803135,
GRD,2017,4.43867566948151,9.143923532044312,3.08059288992712,
GRD,2018,4.36144039364797,9.18442435389704,3.11659612838496,0.7808988764044944
GRD,2019,0.676511738873756,9.188663149769775,3.37198335983592,0.7769886363636364
GRD,2020,-13.7566222572107,9.037567087597413,3.1289822199978,0.7755681818181819
GRD,2021,4.6977240232674,9.08049610887162,3.31551155115512,0.7827868852459017
GRD,2022,7.31023806981959,9.14912362113188,3.37476776344854,0.7894736842105263
GRD,2023,4.52657497450693,9.191958845693058,3.54845593390848,0.7894736842105263
GRD,2024,3.96332516398188,9.229751254633136,3.80165110766755,0.7894736842105263
GTM,2000,3.6088687174876,8.06020288035462,13.1708960490266,
GTM,2001,2.33257486608854,8.060288519162945,19.9897984732832,
GTM,2002,3.83928708556792,8.075043883077315,18.8080086776655,
GTM,2003,2.56037766801896,8.077805570944838,18.7624063787962,
GTM,2004,3.13791683609193,8.086473061160998,19.1936872035754,
GTM,2005,3.27602692588886,8.097064004165896,19.0016441320644,
GTM,2006,5.35139778711536,8.128039338557464,19.0348018186148,
GTM,2007,6.33771869016203,8.168423567117761,18.5907809213086,
GTM,2008,3.29352400028485,8.180300877715307,18.7671339702696,
GTM,2009,0.476898106596394,8.165133943672892,18.9536925736932,
GTM,2010,2.88417542800377,8.173751956179775,18.9383695734809,
GTM,2011,4.16390688293349,8.194608817793403,18.9568997751997,
GTM,2012,2.97470856847661,8.204008174640052,19.4267259519628,
GTM,2013,3.69481894978053,8.220754121817835,14.4164299919476,
GTM,2014,4.44397783368888,8.245283643012058,14.076647566675,
GTM,2015,4.09217081621244,8.267065144732472,14.3263282737266,
GTM,2016,2.67780277623314,8.275065309744166,14.1905995899723,
GTM,2017,3.07985126948702,8.28721145752381,14.1404368305332,
GTM,2018,3.40687348346576,8.304052478764707,13.9542782467713,0.8314606741573032
GTM,2019,4.01789785040324,8.328238976301511,13.8112882269219,0.8011363636363636
GTM,2020,-1.78555175063326,8.295508354645456,14.1081581652728,0.7727272727272728
GTM,2021,8.04170378184928,8.359047880315273,13.9268525819879,0.7540983606557377
GTM,2022,4.18451817243695,8.385978863586683,14.0812609658784,0.736842105263158
GTM,2023,3.5331575177533,8.405301904297541,14.0111098451122,0.736842105263158
GTM,2024,3.65186382894819,8.425756599011839,13.587559280005,0.736842105263158
GUY,2000,-1.36380390261873,8.232069948233324,2.64129456033523,
GUY,2001,2.2795216592191,8.255073497852399,2.69782419991035,
GUY,2002,1.13262696199476,8.26741585741093,2.85522671533,
GUY,2003,-0.632225388266377,8.261795326719266,2.68908262994225,
GUY,2004,1.56335211034042,8.278203336253496,2.63138523774319,
GUY,2005,-1.95095759501714,8.260475555902968,3.07145499869597,
GUY,2006,5.12960934773,8.313062695267439,6.78971432790492,
GUY,2007,7.19123624057457,8.38528436666892,6.72345246044629,
GUY,2008,1.75522349592019,8.405668198550513,6.91087594902188,
GUY,2009,3.61150847218585,8.444480864450162,6.56111716026188,
GUY,2010,4.13844160137342,8.488812463592412,5.74410926610439,
GUY,2011,5.19625156051602,8.543619986883122,6.01840110369443,
GUY,2012,5.27633062046809,8.594857502660926,6.01570949241623,
GUY,2013,3.65338433338232,8.625750185118779,6.3459503155219,
GUY,2014,1.68649445019584,8.63687966614777,6.04622180080549,
GUY,2015,0.687404590619494,8.637713030730161,5.9391007109179,
GUY,2016,3.80745626378814,8.668817853037813,4.96674325925782,
GUY,2017,3.73449154571284,8.69904509031623,4.78930094706975,
GUY,2018,4.44091288475967,8.71290899696895,4.66840695363972,0.8595505617977528
GUY,2019,5.35284003535665,8.74490716892993,5.04918288096454,0.8508522727272727
GUY,2020,43.479651716849,9.10615805138486,4.24402392446419,0.8437500000000001
GUY,2021,20.0599975568418,9.279119638809998,3.13504995753371,0.8428961748633882
GUY,2022,63.3346343654855,9.762231178518745,1.86702615759206,0.8421052631578948
GUY,2023,33.795011115873,10.047646502077137,2.25578510381833,0.8421052631578948
GUY,2024,43.8193108024355,10.405321602154501,1.69733624390457,0.8421052631578948
HND,2000,9.61221881702615,7.4896792278819415,20.5356188504531,
HND,2001,2.72319327321379,7.48951725423363,19.6385276614503,
HND,2002,3.75433786119939,7.499961637894678,19.8922167185635,
HND,2003,4.54703805165397,7.518768713105256,19.7740057611866,
HND,2004,6.23230296069102,7.554287415846978,19.1572527591598,
HND,2005,6.05059922215973,7.588757243651944,19.0839707119665,
HND,2006,6.56724355177587,7.628777765251771,18.9701291398433,
HND,2007,6.18832716678008,7.6658449958021375,17.9514503748814,
HND,2008,4.23160011009342,7.6848515706753915,17.8052175755449,
HND,2009,-2.43162787988011,7.638346883988053,16.6306403968767,
HND,2010,3.73114034433009,7.653719336371345,16.5365570056735,
HND,2011,3.83569066207505,7.670690920319553,17.1943940174517,
HND,2012,4.12868774866939,7.6909231236638504,17.6861395577953,
HND,2013,2.79155975746801,7.698664751950635,17.2942592461772,
HND,2014,3.0580805621437,7.709419463290649,17.2545874850923,
HND,2015,3.84007997093951,7.728064776258591,17.5431120239302,
HND,2016,3.89297219726413,7.747480178426329,17.1467725059127,
HND,2017,4.84291391050387,7.776272403264893,17.1266629002784,
HND,2018,3.84499476966735,7.7957021053986795,16.8927082911441,0.7247191011235954
HND,2019,2.55963434592314,7.802869969930534,16.5344925692041,0.6775568181818183
HND,2020,-8.96508223267296,7.691397285335537,16.2334694093705,0.6335227272727273
HND,2021,12.5652843771279,7.793077951936529,16.2151646162406,0.605191256830601
HND,2022,4.14356194013767,7.81691015067728,16.219500578367,0.5789473684210527
HND,2023,3.57584760454412,7.834896397263408,15.2065393498936,0.5789473684210527
HND,2024,3.55397003296669,7.852972224689558,14.8666617820448,0.5789473684210527
HTI,2000,0.870059259424892,7.202582939183647,13.0290108077555,
HTI,2001,-0.342747883252144,7.180918103137151,13.8201064302207,
HTI,2002,1.05182013450109,7.173597627158334,13.7019982401258,
HTI,2003,3.48077973188326,7.190277771480788,14.9337873995998,
HTI,2004,-1.3178567596495,7.159993696806028,15.8422892752258,
HTI,2005,3.07217337664731,7.173447106590304,15.9158196273133,
HTI,2006,1.76875060288195,7.17398754397046,16.4614068886071,
HTI,2007,4.70652994008303,7.203116129675107,15.5797461787838,
HTI,2008,2.6580323082747,7.212688197321512,17.0182792669965,
HTI,2009,5.89037894844316,7.253397156531718,16.8628896507647,
HTI,2010,-5.65151153448299,7.18355495459128,14.4766049000321,
HTI,2011,5.09821354410036,7.221959420687856,14.654058030893,
HTI,2012,0.502424403581585,7.2114721992944,16.126593068017,
HTI,2013,4.32478411472874,7.238771262553812,15.7667416258762,
HTI,2014,2.88877250863379,7.25259834511913,16.6212186395581,
HTI,2015,1.40000000859727,7.252143846797231,16.9685346386874,
HTI,2016,1.81246807847532,7.256119961308058,16.3668351199332,
HTI,2017,2.51027134544685,7.267296710882687,16.3846226379273,
HTI,2018,1.66781095484656,7.270558172127199,16.6906371233964,1.0
HTI,2019,-1.72309699839232,7.240234655243435,16.7496682778704,1.0
HTI,2020,-3.30550546965893,7.194209937271243,17.6377718833833,1.0
HTI,2021,-1.79823988931486,7.1645034562787515,19.3682922751794,1.0
HTI,2022,-1.68198396897978,7.136261573788014,23.1287230228211,1.0
HTI,2023,-1.86388420254838,7.105883513138402,24.4784149082163,1.0
HTI,2024,-4.16963395808132,7.051745668078939,26.2315707464341,1.0
JAM,2000,0.87870355044231,8.555913187328995,9.34591269708,
JAM,2001,1.34492956615135,8.562936326480635,8.93732428834563,
JAM,2002,1.99729094191295,8.576570275281398,8.42175728660837,
JAM,2003,3.66631759041991,8.606517138498294,8.28396172705735,
JAM,2004,1.32372510450574,8.61381185135065,8.21747307122174,
JAM,2005,0.893797935409893,8.617171690068984,7.75151511689677,
JAM,2006,2.89912534481287,8.640590311599004,7.61497623467494,
JAM,2007,1.43195403769627,8.65006865624898,7.68942404971817,
JAM,2008,-0.811736702186792,8.637566602260277,8.03914806244762,
JAM,2009,-4.34530185828071,8.588982054256928,8.2094813093192,
JAM,2010,-1.45714720850386,8.570083930018189,7.75064821505559,
JAM,2011,1.73037627006349,8.582910087101729,7.88642236411322,
JAM,2012,-0.613636042132399,8.572440279110992,8.0855260454477,
JAM,2013,0.517686011311724,8.573551669313158,8.16879594664045,
JAM,2014,0.689822359762587,8.576818095574732,8.1287214565378,
JAM,2015,0.92148712399856,8.582851182445014,7.05392483979779,
JAM,2016,2.76043761369557,8.607451201426887,6.96022247129641,
JAM,2017,2.29303371291363,8.628043195241927,7.01803549864611,
JAM,2018,2.51584458612513,8.651352723657938,6.87519076396277,0.7696629213483146
JAM,2019,1.80943147301357,8.668160424268962,6.87088952017087,0.768465909090909
JAM,2020,-8.30441923583135,8.578822757582605,7.01872080214487,0.7698863636363638
JAM,2021,5.70467978309095,8.63185202428082,7.60112595733791,0.7800546448087433
JAM,2022,6.43930323656186,8.693741661743152,8.13650312593322,0.7894736842105263
JAM,2023,2.74634433906714,8.72060865135832,7.93725546254168,0.7894736842105263
JAM,2024,-0.535039063867487,8.715459076326468,7.73420536237464,0.7894736842105263
KNA,2000,10.042808415173,9.549596452429759,6.99992966661978,
KNA,2001,5.25344983010886,9.589523786244692,6.66639721930321,
KNA,2002,1.36771507253633,9.597464364299077,5.73284731159593,
KNA,2003,-3.93339486032939,9.55395183476241,6.69807003424387,
KNA,2004,3.99634666125431,9.590131718926978,6.50796782183644,
KNA,2005,9.73282070298016,9.680379368907888,6.39886290568209,
KNA,2006,3.15038119968223,9.708558589563527,5.89107545174491,
KNA,2007,0.600602326543751,9.711609096197526,5.97129608236122,
KNA,2008,11.3170358267109,9.81606306843104,5.72967515489792,
KNA,2009,-3.40474015376245,9.779694570544565,7.20579371836942,
KNA,2010,-0.0541942065330545,9.780645624064096,8.26524108934907,
KNA,2011,1.61660730423688,9.795828920324889,7.74014928348358,
KNA,2012,-0.737636737448398,9.785294853457382,7.47087199849082,
KNA,2013,5.72728087234704,9.840222496988394,7.14273614310882,
KNA,2014,7.57696602328922,9.912834047530385,6.86700120589723,
KNA,2015,0.694135527876625,9.9197938961755,6.54942928999807,
KNA,2016,3.93270319273282,9.958622195083098,5.72871641878892,
KNA,2017,0.220941147299996,9.96136037790753,5.39133238023155,
KNA,2018,2.00352549800972,9.982090634352296,5.41270452887831,
KNA,2019,2.93824658056356,10.01224170576713,5.47671343703719,
KNA,2020,-15.3018891740649,9.847912808211433,5.07837542267419,
KNA,2021,0.367606879216311,9.853867656765281,4.80011042669565,
KNA,2022,10.4804941546807,9.954691879018279,4.40400624938676,
KNA,2023,3.02127526129283,9.983408717368407,4.06278725449608,
KNA,2024,0.312226855858171,9.984709901357247,3.89777095810853,
LCA,2000,0.0487485535201131,9.126843424159993,,
LCA,2001,-3.40806396189404,9.082000715610585,,
LCA,2002,0.416450493043214,9.077432715477123,,
LCA,2003,4.26461148738223,9.110969414575475,,
LCA,2004,7.2674088699471,9.173404360349483,,
LCA,2005,-0.410304726290235,9.161946522165909,,
LCA,2006,6.19525729141048,9.214895024108541,4.11017287446454,
LCA,2007,1.69161857433913,9.224977055792126,4.434965207181,
LCA,2008,4.94932194028057,9.267044945587436,3.76255643537116,
LCA,2009,-2.82889954830628,9.232082529045938,3.55468460649777,
LCA,2010,0.330018546071486,9.229291134849598,3.09111442020368,
LCA,2011,4.32694280532142,9.266427465291136,2.92046474283285,
LCA,2012,-0.108756148262358,9.260774685082486,2.93731866257566,
LCA,2013,-1.81877603735991,9.237898680349941,2.71778651189143,
LCA,2014,1.32809022110105,9.246666347170294,2.53959515541628,
LCA,2015,0.101917836412952,9.243290125466853,2.90618219369221,
LCA,2016,3.42787214525211,9.272766785246647,3.14088803525025,
LCA,2017,3.37982617272246,9.302051752157631,3.00280209638322,
LCA,2018,2.88677902171601,9.326690235162072,2.9087550183482,
LCA,2019,-0.700322396299441,9.31603090663479,2.10926162586192,
LCA,2020,-24.3614732129122,9.03351666836944,2.98193693738204,
LCA,2021,11.598783583643,9.141731848850574,3.014440433213,
LCA,2022,20.3884431828414,9.325835454090639,2.21284897388753,
LCA,2023,2.20988276526516,9.344878516116205,3.30887227670713,
LCA,2024,3.89175024218898,9.380500926228347,2.92932624479293,
MAF,2015,1.0,,,
MAF,2016,5.0,,,
MAF,2017,-8.00000324038295,,,
MAF,2018,-7.99999506898229,,,
MAF,2019,6.50000363700821,,,
MAF,2020,-12.500002246731,,,
MAF,2021,4.89999967133534,,,
MEX,2000,5.02928399378261,9.16763845547893,21.0445774123124,
MEX,2001,-0.450845253215945,9.14828950005139,20.026058557155,
MEX,2002,-0.236588001922641,9.131543764238389,19.2312267750835,
MEX,2003,1.18554486709559,9.129346851340753,18.828065610038,
MEX,2004,3.56544100946846,9.150727275382845,18.8456680170089,
MEX,2005,2.11324712586392,9.1581537631502,18.0770794970807,
MEX,2006,4.80501352746852,9.191547694837743,18.9990299017364,
MEX,2007,2.07786393438754,9.19803449697713,18.2623757835665,
MEX,2008,0.943331863036903,9.1928220364256,18.1749137521803,
MEX,2009,-6.29525055780502,9.113181554094146,17.4331987032193,
MEX,2010,4.9713345832195,9.147301229764578,17.8382139163733,
MEX,2011,3.44404505794418,9.167008394445514,17.7203860209063,
MEX,2012,3.55321075993527,9.1883521698819,18.8000354392646,
MEX,2013,0.852101559410627,9.183864005741524,18.1028096334813,
MEX,2014,2.50376350288664,9.19649306446203,18.2289217421843,
MEX,2015,2.70232342550646,9.21246198095963,19.8234213937112,
MEX,2016,1.77249323845399,9.220340416583849,19.8687757979342,
MEX,2017,1.87172853327193,9.22953229511933,20.1618224199443,
MEX,2018,1.97208209405635,9.239595156441375,20.1893657004533,0.0
MEX,2019,-0.392690505066824,9.226159077556066,19.8877542658522,0.0
MEX,2020,-8.35403458167995,9.130717302086811,20.1842735743221,0.0
MEX,2021,6.0484834621255,9.182769443038158,20.8358358575225,1.0
MEX,2022,3.70975709163623,9.21166428757448,21.4864702087066,0.0
MEX,2023,3.35354140652768,9.235927868101285,20.4180224277552,0.0
MEX,2024,1.42742769080466,9.241496072304914,19.8017537671375,1.0
NIC,2000,4.10159025073438,7.2850780131543456,12.4765166384275,
NIC,2001,2.96084349057273,7.301360450231303,13.6508265691393,
NIC,2002,0.753938876079573,7.296742946025616,14.8288993696564,
NIC,2003,2.52073289551447,7.309852179392455,13.958588954781,
NIC,2004,5.31217056950739,7.349792889742919,14.0404617782632,
NIC,2005,4.28239833770654,7.378688293137505,13.5660208047199,
NIC,2006,4.15294559846254,7.40511378825957,13.5930970672641,
NIC,2007,5.0763520180987,7.440268694941515,13.9899714698072,
NIC,2008,3.43571693608081,7.459717513687397,14.0052410763367,
NIC,2009,-3.2926651586197,7.411991413446985,13.6145521434809,
NIC,2010,4.41009911716546,7.440955954105295,14.2653239371328,
NIC,2011,6.31668553491842,7.488085678332341,14.0516242755757,
NIC,2012,6.4961364710876,7.5369909268807636,14.2067627147124,
NIC,2013,4.92709413447304,7.571193633093493,14.4945318926133,
NIC,2014,4.78546013589983,7.604221294344823,14.7329134994098,
NIC,2015,4.79226768332697,7.637454329088445,14.1979344513185,
NIC,2016,4.56314739524967,7.668628423234317,14.1447505442673,
NIC,2017,4.63120757580209,7.700581597096402,13.6425294956269,
NIC,2018,-3.3633566598573,7.653181590260366,13.8457452349018,0.7808988764044944
NIC,2019,-2.89686986728901,7.610810802484285,14.0393617197961,0.7769886363636364
NIC,2020,-2.23654176262323,7.575683011943189,13.9699507732977,0.7755681818181819
NIC,2021,10.454389484408,7.6630829592722725,14.5299788631477,0.7827868852459017
NIC,2022,3.55029945613975,7.685123651996499,14.4444502660373,0.7894736842105263
NIC,2023,4.42774384760374,7.714732070599887,14.4331262876028,0.7894736842105263
NIC,2024,3.5878302292345,7.736513025151374,13.5056664041759,0.7894736842105263
PAN,2000,4.2090057360153,8.832901220208354,9.85388618913457,
PAN,2001,0.949907875683692,8.822891393120951,9.23042557050065,
PAN,2002,2.50884408826073,8.828373623748643,8.50228377001617,
PAN,2003,5.09686013628365,8.858948824708145,8.1243847132163,
PAN,2004,8.1756535098435,8.918485061616982,7.89944593076708,
PAN,2005,8.27618322400723,8.979148437285804,7.68028189776065,
PAN,2006,9.8572387394466,9.054619480287128,7.4077193437002,
PAN,2007,13.1530653136012,9.159851638232329,7.01798202060008,
PAN,2008,10.197432548532,9.238748510265816,6.92634145133429,
PAN,2009,1.61186417596689,9.236696313953994,7.12667424217416,
PAN,2010,6.07339340909564,9.277818793841112,6.93678554702012,
PAN,2011,11.9088772241134,9.37258666561925,6.19079355606888,
PAN,2012,9.62729355007232,9.446857658117302,6.09446496299829,
PAN,2013,6.32435373509259,9.490758423878269,6.48855584923385,
PAN,2014,4.62581384604574,9.51867390736174,6.4678865505541,
PAN,2015,5.26691726402875,9.552699166163743,6.26013276444649,
PAN,2016,4.57196696307969,9.580117806005244,6.05024388466641,
PAN,2017,5.74405946988693,9.618837254250025,5.93031938439472,
PAN,2018,3.9181980847881,9.640539944510952,5.74622038481318,0.3426966292134833
PAN,2019,3.10306793272473,9.655189133260778,5.67557281904018,0.3593750000000001
PAN,2020,-17.8212299459324,9.4451818474307,5.6680086708394,0.3835227272727274
PAN,2021,16.4671248604202,9.585548323665638,5.28330078173847,0.430327868852459
PAN,2022,11.0385475261766,9.67759431136272,5.07766012651766,0.4736842105263158
PAN,2023,7.16632946099945,9.733715964945864,4.95097279523588,0.4736842105263158
PAN,2024,2.74788545546916,9.748161553866934,4.93766629690914,0.4736842105263158
PER,2000,2.69437139806912,8.097509400669164,15.2145262038719,
PER,2001,0.617892325624297,8.089992850389264,15.5812564716453,
PER,2002,5.45352893818767,8.131162970700037,15.4989075774167,
PER,2003,4.16502313666112,8.161315545801125,15.3985817546504,
PER,2004,4.95820320611745,8.199904605893666,16.3726500976155,
PER,2005,6.28506032509601,8.251959183297817,16.5516113723285,
PER,2006,7.5288990440594,8.316633368645569,16.4721932263299,
PER,2007,8.5183877690955,8.391128985115767,16.5180344893382,
PER,2008,9.1265683014642,8.471887497983221,16.2965420065264,
PER,2009,1.0958236592427,8.476615237408398,15.2930541321031,
PER,2010,8.33245910749577,8.550123506290927,15.5564992898,
PER,2011,6.32719240161117,8.604005032808287,15.0914598699078,
PER,2012,6.13972470560435,8.655222061188207,15.164396582771,
PER,2013,5.85251821084928,8.703085270909416,14.831406515612,
PER,2014,2.38215737180541,8.716686245139517,13.9596976357841,
PER,2015,3.25224477218451,8.737406293698061,13.7880201715375,
PER,2016,3.95331871520767,8.762842341065296,13.3440281131691,
PER,2017,2.51883544233135,8.772985043676032,12.9708469176106,
PER,2018,3.969351341365,8.793785657037539,13.1690240955292,0.6741573033707865
PER,2019,2.24063176875049,8.798795947456263,12.8493511674786,0.625
PER,2020,-10.9333065010382,8.671086166197867,12.2526157277512,0.5795454545454548
PER,2021,13.3626240903125,8.786891600072346,12.0658422532196,0.5519125683060111
PER,2022,2.8090335533015,8.805002799183098,12.3945381294598,0.5263157894736843
PER,2023,-0.403242151494268,8.789964693455543,12.6192784609889,0.5263157894736843
PER,2024,3.30394098171516,8.811532162380013,12.1140270326731,0.5263157894736843
PRI,2000,3.27196451910478,10.170914482533895,39.6889555896262,
PRI,2001,6.31347157694064,10.229994846024113,42.8166234156547,
PRI,2002,0.916459423425337,10.23782832713284,43.9738354031847,
PRI,2003,0.0534198017173964,10.23773648345303,43.6368228750431,
PRI,2004,8.7486769008168,10.321401174570806,42.730841179835,
PRI,2005,-1.98693871772703,10.302774160368058,42.4012428942975,
PRI,2006,-1.40941405684823,10.292814426235283,42.061326883884,
PRI,2007,-1.16280665573993,10.286974432585598,42.0407536240206,
PRI,2008,-1.84413421831884,10.274227702890986,42.966895309982,
PRI,2009,-1.95242518381124,10.259964354030158,45.5173801895719,
PRI,2010,-0.413254119172365,10.260095264022814,47.3436516899045,
PRI,2011,-0.358510636850312,10.264862162028216,46.5961214408924,
PRI,2012,0.0292751500944064,10.273971015986247,46.2477157440373,
PRI,2013,-0.306826666941774,10.279020974346315,46.4430453879941,
PRI,2014,-1.19036347346942,10.27990839200433,46.7331994088581,
PRI,2015,-1.04929003238674,10.28336272897395,47.9026461782531,
PRI,2016,-1.26369434781117,10.286249376297468,48.4428777218371,
PRI,2017,-2.88521838398481,10.277171493166762,47.3351314082456,
PRI,2018,-4.36142703162535,10.268437975281772,47.4373031980594,
PRI,2019,1.67546379498209,10.28141348113659,47.6416960915622,
PRI,2020,-4.1808743093346,10.245115131742649,47.7694851882413,
PRI,2021,0.385222719529239,10.254729574261429,47.5181016775881,
PRI,2022,2.95709565499587,10.297006282336211,44.8444665800567,
PRI,2023,0.731492105366186,10.309383376100081,43.6866510912936,
PRI,2024,3.17707554784896,10.340815023025526,44.1442583412387,
PRY,2000,-2.31414056819045,8.312500749903021,15.6778275044955,
PRY,2001,-0.834054716746095,8.287247628450404,16.2068181252178,
PRY,2002,-0.0214043949985694,8.272938413850857,16.3934935668139,
PRY,2003,4.32074548551591,8.30293959192215,17.5145642129531,
PRY,2004,4.05741836363771,8.331187861372133,17.9348637783179,
PRY,2005,2.13349066459601,8.341238729248126,17.9590523871282,
PRY,2006,4.80711719268376,8.377772943909088,18.3216271525742,
PRY,2007,5.42162287218235,8.420766507531503,18.1933950444455,
PRY,2008,6.49629211973152,8.474006567483164,20.3352911426379,
PRY,2009,-0.261137328115808,8.46117228855412,19.793011135178,
PRY,2010,11.0952312685449,8.554691295295818,18.5516039083083,
PRY,2011,4.28637120706239,8.583390989662227,18.3938123118914,
PRY,2012,-0.708043112304196,8.562216737174666,18.521618713155,
PRY,2013,8.29307648937821,8.627503530513009,18.3165913482194,
PRY,2014,5.30123864475758,8.66466040603236,18.7675100760318,
PRY,2015,2.95715168364671,8.67919943643868,19.4164870545623,
PRY,2016,4.26802583314358,8.706483541942145,19.0612407979699,
PRY,2017,4.81007885552178,8.739237519828704,19.4527698175758,
PRY,2018,3.20425034080199,8.756877459782133,18.9927483082463,0.6235955056179776
PRY,2019,-0.401855100701937,8.739302001006347,18.7951682400793,0.6292613636363638
PRY,2020,-0.819785390945569,8.717550469205916,18.7044275348358,0.6392045454545454
PRY,2021,4.01673731776404,8.744824269366418,19.1898113036205,0.6625683060109289
PRY,2022,0.176038366149214,8.735235418182576,19.5025386108392,0.6842105263157894
PRY,2023,4.9992279112746,8.771716067495118,19.407103405112,0.6842105263157894
PRY,2024,4.24996010464072,8.800993464343195,19.0225604692616,0.6842105263157894
SLV,2000,1.12790697674419,7.99459638121267,19.5328682415251,
SLV,2001,0.879613659882722,7.999207780250166,19.248347914147,
SLV,2002,1.57291844759789,8.01170764312865,18.8801111114068,
SLV,2003,1.56539303147618,8.025243189033683,18.0964928119847,
SLV,2004,0.889404485692197,8.033086190447184,17.5575825237782,
SLV,2005,2.68083009363194,8.059390407038835,16.6257313920261,
SLV,2006,4.3369986028604,8.102389062150724,16.3505499100306,
SLV,2007,1.84760220587859,8.119446907115272,16.2263141652093,
SLV,2008,2.15440298282768,8.137527187971056,16.864116031176,
SLV,2009,-2.10876837627522,8.113070634317651,16.1789085322828,
SLV,2010,2.15419536693635,8.131087512584056,16.1409524759431,
SLV,2011,3.77358499834686,8.164529945376165,16.246774516387,
SLV,2012,2.88770010188691,8.189089663424943,16.1734112965634,
SLV,2013,2.18295232499635,8.206625832448871,15.9772924874585,
SLV,2014,1.7293998423459,8.219851257751255,16.0762379572505,
SLV,2015,2.40000008852115,8.240211238908092,16.3874932588795,
SLV,2016,2.53906241135864,8.262519476250159,16.2856846412139,
SLV,2017,2.24761908134138,8.282695460364838,16.0846288450506,
SLV,2018,2.4124442237792,8.305524283156728,15.6878426338878,0.7359550561797752
SLV,2019,2.43747159065784,8.329203047532397,15.5586779429741,0.7144886363636362
SLV,2020,-7.893101359867,8.244999080053105,14.7404277243583,0.6960227272727273
SLV,2021,11.9047617015957,8.354097037462306,15.0693072443269,0.6898907103825137
SLV,2022,2.95461516549889,8.379300493857157,13.7685079315672,0.6842105263157894
SLV,2023,3.5391566928735,8.409424863108745,12.4906879376522,0.6842105263157894
SLV,2024,2.60202016121069,8.430594674114415,12.0454823079116,0.6842105263157894
SUR,2000,2.09999886750489,8.720675280555065,14.2188952672698,
SUR,2001,4.20000042083539,8.741224786999487,12.7666078893557,
SUR,2002,2.80000068850687,8.748513987415832,13.5165181524573,
SUR,2003,6.29999943314137,8.789940762108872,12.8544138817302,
SUR,2004,8.50000018479413,8.85680181859609,15.1324371677303,
SUR,2005,4.50000021086888,8.890385370580338,16.6972851602368,
SUR,2006,5.79354358463304,8.935818913381011,23.202886483486,
SUR,2007,5.11148777773458,8.974270698286118,23.4834387793078,
SUR,2008,4.14340681165626,9.003207297053992,25.3144978346051,
SUR,2009,3.01369898266211,9.021198505378132,20.2669674750893,
SUR,2010,5.16882515225814,9.059971782224588,20.9872425581589,
SUR,2011,5.84936767173009,9.105344898210108,20.8137282037088,
SUR,2012,2.69034974668847,9.120517298901987,21.291225508093,
SUR,2013,2.9334416518612,9.138141662394105,18.7857016665685,
SUR,2014,0.255503031645475,9.129590490925912,16.3524921938244,
SUR,2015,-3.41304268067621,9.084053196979129,11.4946632952408,
SUR,2016,-4.91166050905851,9.023205111516392,13.3991911723143,
SUR,2017,1.56603782534897,9.02866169097553,23.6101426534913,
SUR,2018,4.94827108468886,9.067237456061589,21.3232639021855,
SUR,2019,1.16758977233877,9.068466300951869,17.4259713504294,
SUR,2020,-15.9751917148622,8.883655159149434,23.1087156696286,
SUR,2021,-2.43538583612838,8.849929804803109,21.7146766214212,
SUR,2022,2.40622235601218,8.865217526755439,27.6729726702699,
SUR,2023,2.41659223498058,8.879955800101449,25.4811538761431,
SUR,2024,1.72095737011739,8.888240432455637,19.8288827476317,
SXM,2009,,10.533400626512982,,
SXM,2010,3.19999269219366,10.555892696841738,,
SXM,2011,4.60000341415395,10.58696657513092,1.52781093339699,
SXM,2012,1.39054456773131,10.578954030522393,1.15600385334618,
SXM,2013,1.30673103459678,10.568486551812489,0.939377389404697,
SXM,2014,1.58038221539113,10.56160840963399,2.2684006260803,
SXM,2015,0.105813149997005,10.541112202333137,2.28717983713924,
SXM,2016,0.96775836306881,10.530193142422025,2.31840388405585,
SXM,2017,-7.53521399882428,10.432509175964498,2.21094051533993,
SXM,2018,-6.85698299227944,10.343280786931658,1.35758755844358,
SXM,2019,10.9650009352392,10.430520425774432,1.25649476648998,
SXM,2020,-13.3167887221567,10.272301722547068,1.24175500494464,
SXM,2021,4.57759677933345,10.303425246157143,1.17053397088981,
SXM,2022,13.9,10.420005061734805,,
SXM,2023,3.8,10.44292872085426,,
SXM,2024,3.00000000000014,10.458526623165566,,
TCA,2000,,,3.39478085782359,
TCA,2001,,,2.96667714765482,
TCA,2002,,,2.82480961004658,
TCA,2003,,,2.77120201018368,
TCA,2004,,,2.32992750393947,
TCA,2005,,,2.05853045161652,
TCA,2006,,,1.72107581263943,
TCA,2007,,10.531193998725781,1.87423237533775,
TCA,2008,8.27189312486149,10.567569079161357,1.58713967107307,
TCA,2009,-19.5502467595022,10.308572579673244,1.90976370069513,
TCA,2010,0.984924853810682,10.2789013741519,1.25351636895228,
TCA,2011,4.62049892978239,10.287522928483698,0.843712667909142,
TCA,2012,-2.66655562053364,10.21980568119463,0.596747545770657,
TCA,2013,1.07088049554032,10.184052145918894,0.648073501612365,
TCA,2014,8.71129580824217,10.226904257620383,0.633281239383026,
TCA,2015,11.3148293929929,10.290687329452664,0.589553304633145,
TCA,2016,7.25118627570265,10.31503414073348,0.52991569598645,
TCA,2017,74.5879880544188,10.831432177901329,0.521387227265063,
TCA,2018,6.75264845178367,10.856364434589265,0.461300024575278,
TCA,2019,4.98170549382992,10.867041306193274,0.393924063920084,
TCA,2020,-33.8170973434652,10.42642232569928,0.543561701112929,
TCA,2021,29.6293781722414,10.666807723722226,0.522864082027791,
TCA,2022,14.0871234168153,10.785338130981264,0.583563846514829,
TCA,2023,13.7311481139228,10.906378516924715,0.469043781691426,
TCA,2024,5.63682517443362,10.953947154131399,0.446951892369447,
TTO,2000,6.90135959072803,9.212639792972327,,
TTO,2001,4.16852398185424,9.249099834945124,,
TTO,2002,7.93670968715332,9.320625144978886,,
TTO,2003,14.4409895389734,9.450498387543242,,
TTO,2004,7.95005151069972,9.52202605138361,,
TTO,2005,6.20893787954175,9.620820747313195,,
TTO,2006,13.2080586051735,9.742216324802689,,
TTO,2007,4.75420970092722,9.784630788778655,,
TTO,2008,3.39173707807387,9.813851290504351,,
TTO,2009,-4.3917292474614,9.767780314132555,,
TTO,2010,3.32322471027371,9.794681939670202,,
TTO,2011,-0.294354409043763,9.783944113738583,,
TTO,2012,6.71074625448722,9.84350755418353,17.4487199334489,
TTO,2013,3.36819291689019,9.872626071334645,13.9652925076318,
TTO,2014,3.67086851032413,9.905113240397837,14.4590377440512,
TTO,2015,-0.406283288730492,9.897833235555126,14.1599712462756,
TTO,2016,-7.53636305379372,9.816350774580016,17.2294150011087,
TTO,2017,-4.87274946918724,9.764375791885625,16.2355998390368,
TTO,2018,-0.945449700943314,9.75299107088155,16.9015540163505,0.8258426966292135
TTO,2019,0.467734528855885,9.754138090361735,14.648755462796,0.8110795454545454
TTO,2020,-8.78879817831519,9.660138816138733,15.0962341100961,0.7982954545454546
TTO,2021,-0.716740625909793,9.652336300106647,17.2588473725353,0.7937158469945356
TTO,2022,0.86126082651883,9.6621947006287,17.5375492099424,0.7894736842105263
TTO,2023,1.46645947294053,9.67550524046458,14.0573357785452,0.7894736842105263
TTO,2024,2.50920813979569,9.699686041800813,14.3789697782798,0.7894736842105263
URY,2000,-1.92993063549235,9.314369788239542,12.5186630960032,
URY,2001,-3.84412995940374,9.272710049302109,12.674394351029,
URY,2002,-7.73200721540044,9.190828375699178,13.0801299139821,
URY,2003,0.805283915893824,9.198141957262543,14.8709094403736,
URY,2004,5.00416035564457,9.246373967265198,14.9026084254433,
URY,2005,7.4601321302473,9.317525086780893,14.8524671063566,
URY,2006,4.09857735445401,9.356557136243545,14.5433907533728,
URY,2007,6.54151084504817,9.418206433316357,13.7351440761137,
URY,2008,7.17614466455107,9.485380593016586,14.9468828512235,
URY,2009,4.24349419462426,9.52454612643267,14.8186007093393,
URY,2010,7.8034096507169,9.597123928699771,13.5283236174128,
URY,2011,5.16213302463606,9.644975610857257,12.7334043123017,
URY,2012,3.53817872056869,9.677171329777222,12.1731568219705,
URY,2013,4.63753862902416,9.719528985074962,11.2662277882598,
URY,2014,3.23879122952364,9.748121594509515,12.143302174234,
URY,2015,0.370741257681345,9.748347314592769,13.2426613311807,
URY,2016,1.68979822971775,9.761764701294066,10.9867750624362,
URY,2017,1.74037643374211,9.77631326322153,10.2732605633274,
URY,2018,0.164777608940113,9.776162240550308,11.0796998499299,0.6741573033707865
URY,2019,0.928351141267498,9.784616086852678,10.5787118487686,0.625
URY,2020,-7.35732706484723,9.707677240146536,9.71291913403445,0.5795454545454548
URY,2021,5.84427312558179,9.765144902689654,10.4720490348578,0.5519125683060111
URY,2022,4.48622703072073,9.810733674048398,10.4606623369653,0.5263157894736843
URY,2023,0.742128785315927,9.818963081886208,9.74425484371894,0.5263157894736843
URY,2024,3.10825478066172,9.850013109032059,9.69126071048577,0.5263157894736843
USA,2000,4.07758575682804,10.786836723600947,15.1150749906589,
USA,2001,0.955538348341605,10.786449329336232,13.9193094025158,
USA,2002,1.70044732643726,10.79403287002592,13.4528776402421,
USA,2003,2.79560596320081,10.813010475468321,13.3165117541749,
USA,2004,3.84777169556921,10.841511542931043,13.1741810816537,
USA,2005,3.48354993555606,10.866536887524095,12.9833195194137,
USA,2006,2.78453963650701,10.88435911143462,12.990722665314,
USA,2007,2.00385829784946,10.894689012037176,12.7697566103618,
USA,2008,0.113587249881704,10.886365587048088,12.2167302006078,
USA,2009,-2.57650022958367,10.851496340362846,11.6987895946123,
USA,2010,2.69519257744442,10.8696301612091,11.9060850975322,
USA,2011,1.56440685763506,10.877229179450808,11.9472468321556,
USA,2012,2.28911338669843,10.891878413236382,11.8575606302731,
USA,2013,2.11783009790057,10.905269970009755,11.7981164603897,
USA,2014,2.52381981363968,10.922234706049778,11.6554754899495,
USA,2015,2.94555045484053,10.943285685019262,11.6623134302954,
USA,2016,1.81945147788167,10.953460405459357,11.2236379165299,
USA,2017,2.45762229852507,10.970810429043523,11.2588564739494,
USA,2018,2.96650506901305,10.99417965414224,11.348073930706,0.4802345676256847
USA,2019,2.58382533412825,11.014538655097434,11.0580367745651,0.4686876361743394
USA,2020,-2.16302914036166,10.9885867241987,10.6290647168458,0.4502599450448534
USA,2021,6.05505293244555,11.045801690695875,10.7103708073141,0.5550964343563101
USA,2022,2.51237531986017,11.064857585621342,,0.4307864062533819
USA,2023,2.88755600749487,11.085009170411144,,0.4289511954584107
USA,2024,2.79300127716779,11.102792037320047,,0.5784741471155642
VCT,2000,1.63903190394467,8.53069510785162,5.2145809661187,
VCT,2001,1.74823102028898,8.54841394714642,5.80954416868996,
VCT,2002,5.34212707436718,8.60181490502381,4.88024563191781,
VCT,2003,6.69133665352797,8.66840376197108,4.86736196563606,
VCT,2004,4.11469880444737,8.711434994385382,4.97148809160989,
VCT,2005,2.48855733938132,8.739433861249218,5.10818289809811,
VCT,2006,6.99692626758825,8.810948597761362,4.36574662072893,
VCT,2007,3.3229685982929,8.847959395985654,4.9194041036772,
VCT,2008,0.404640808638888,8.856517796789896,4.28573421734648,
VCT,2009,-1.3781936056056,8.847334513371747,4.68687122808144,
VCT,2010,-4.47046793507802,8.806580110836178,4.90899359775835,
VCT,2011,-0.60627665148327,8.806061858035774,4.37557614470607,
VCT,2012,1.16911218376478,8.823306842821927,4.1822942456146,
VCT,2013,2.4624841721544,8.853175859863265,4.29264838447634,
VCT,2014,1.1457271877622,8.870132064812884,4.68524043566202,
VCT,2015,2.78509791763551,8.902963702626419,4.79493337100344,
VCT,2016,4.1496810046981,8.949351415602218,4.99131273253222,
VCT,2017,1.54810173239956,8.971185178925793,4.95324519178028,
VCT,2018,3.1756114423991,9.009446939324159,4.8783552303691,
VCT,2019,0.668428481084234,9.023368942645522,4.04059716063947,
VCT,2020,-4.26892434422649,8.985914313518153,3.62073914142388,
VCT,2021,2.09340124465459,9.01327090298949,3.77256265029611,
VCT,2022,3.1108330034352,9.051665589460724,3.86699166170563,
VCT,2023,5.32636472098717,9.11066942665187,3.68354150547143,
VCT,2024,4.06183490050209,9.15748667258097,3.7628902274313,
VEN,2000,3.6869441668769,8.226846117585504,18.5290299154014,
VEN,2001,3.39423610779077,8.241915412532714,16.9893279482888,
VEN,2002,-8.85564735286771,8.1311095923503,16.4385948738247,
VEN,2003,-7.75530004959877,8.032575601859728,17.1181225878838,
VEN,2004,18.2866066891244,8.183356646665194,16.4577514444708,
VEN,2005,10.3179138043147,8.264801248436735,15.078064466557,
VEN,2006,9.87214910851037,8.342696381884492,13.9085695332202,
VEN,2007,8.75357880785845,8.41113221940897,13.336724212233,
VEN,2008,5.27785412398785,8.448047419963153,12.8395861840125,
VEN,2009,-3.20230265749002,8.401884070329139,13.6248683231211,
VEN,2010,-1.48879125078356,8.37379079876771,11.8995198814744,
VEN,2011,4.17642535923936,8.40187450925528,11.6452400572826,
VEN,2012,5.62595697508632,8.444057400721302,,
VEN,2013,1.34309403607486,8.445345799423345,,
VEN,2014,-3.89438647450667,8.394258679790427,,
VEN,2015,-6.22137102671199,8.319507447344211,,
VEN,2016,-17.0403345996548,8.126439767635432,,
VEN,2017,-15.6714088720003,7.96252550051086,,
VEN,2018,-19.6553415972227,7.768783930279983,,0.9325842696629212
VEN,2019,-27.6579678662627,7.4746231911522205,,0.9204545454545454
VEN,2020,-29.9985699155957,7.135187724550564,,0.9090909090909092
VEN,2021,0.955433428579269,7.151974227272801,,0.9016393442622952
VEN,2022,8.00091310654791,7.229822682536108,,0.8947368421052633
VEN,2023,4.00168591128376,7.265951092557298,,0.8947368421052633
VEN,2024,5.29999999999984,7.313902004402332,,0.8947368421052633
VIR,2002,,10.673728281055535,,
VIR,2003,-0.396080883885759,10.669796471420357,,
VIR,2004,3.28589367936377,10.70248659045378,,
VIR,2005,3.4853090172239,10.73686592564271,,
VIR,2006,3.50499314666143,10.772090423320572,,
VIR,2007,4.01059402194477,10.811708327885123,,
VIR,2008,1.21862495452891,10.823267248766458,,
VIR,2009,-6.59478885893981,10.754979624910327,,
VIR,2010,0.596383224317051,10.761359401249928,,
VIR,2011,-8.20424555364315,10.676373781658333,,
VIR,2012,-14.8125,10.517000664235525,,
VIR,2013,-6.28515529469308,10.453446752780636,,
VIR,2014,-1.77453027139875,10.437014861890688,,
VIR,2015,-0.425079702444208,10.434332043192612,,
VIR,2016,1.6008537886873,10.452035120612035,,
VIR,2017,-0.735294117647058,10.446843126684355,,
VIR,2018,1.87830687830687,10.468065352004922,,
VIR,2019,2.90833549727343,10.499841409706665,,
VIR,2020,-1.61493817814787,10.487119579839746,,
VIR,2021,3.66760707873814,10.527098370010917,,
VIR,2022,-1.31123206333498,10.518225282148048,,
